supplier_id,supplier_name,parent_company
1,"AAPICO Amata Co., Ltd.",AAPICO
2,"AAPICO Hitech Public Co., Ltd.",AAPICO
3,AB SKF,SKF
4,ACPS Automotive GmbH (Formerly BOSAL Automotive Carrier and Protection Systems GmbH),ACPS
5,ACPS Automotive Kft.,ACPS
6,ACPS Automotive de Mexico SA de CV.,ACPS
7,ADAC Automotive Inc.,ADAC
8,"ADVICS Co., Ltd.",ADVICS
9,"ADVICS Fuzhou Automobile Parts Co., Ltd.",ADVICS
10,"ADVICS Guangzhou Automobile Parts Co., Ltd.",ADVICS
11,"ADVICS Manufacturing (Thailand) Co., Ltd.",ADVICS
12,"ADVICS Manufacturing Mexico, S. de R.L. de C.V.",ADVICS
13,"ADVICS North America, Inc.",ADVICS
14,"ADVICS Tianjin Automobile Parts Co., Ltd.",ADVICS
15,AGS Automotive Systems,AGS
16,"AISIN Autoparts (Thailand) Co., Ltd. (Formerly Aisin AI (Thailand) Co., Ltd.)",Aisin
17,"AISIN North Carolina Corporation (Formerly AW North Carolina, Inc.)",Aisin
18,ALF Engineering Pvt. Ltd.,
19,ALLGAIER Automotive GmbH,
20,ARaymond France SAS,
21,"ASD Automotive Components (Tianjin) Co., Ltd. (Formerly ASIMCO Automotive Components (Tianjin) Co., Ltd. )",
22,ASIMCO (Nanjing) Limited (Formerly ASIMCO (Beijing) Limited),
23,"ASTEER Co., Ltd.",
24,"AT Tohoku Co., Ltd.",
25,"ATA Casting Technology Co., Ltd.",ATA Casting Technology
26,"ATA Casting Technology Japan Co., Ltd.",ATA Casting Technology
27,Ahresty Corporation,Ahresty
28,"AiJin Automobile Exhaust Systems (Tianjin) Co., Ltd.",
29,"Aichi Forge (Thailand) Co., Ltd. (formerly Aichi International (Thailand) Co., Ltd.)",Aichi
30,"Aichi Machine Industry Co., Ltd.",Aichi
31,Aichi Steel Corporation,Aichi
32,Aikitec Autoparts Foshan,
33,"Aisan (Foshan) Auto Parts Co., Ltd.",Aisan
34,"Aisan (Tianjin) Auto Parts Co., Ltd.",Aisan
35,"Aisan Autopartes Mexico, S.A. de C.V.",Aisan
36,"Aisan Industry Co., Ltd.",Aisan
37,Aisan Industry Czech s.r.o.,Aisan
38,Aisan Industry India Private Limited (Formerly Aisan Fiem Automotives India Pvt. Ltd.),Aisan
39,"Aisin (China) Investment Co., Ltd.",Aisin
40,Aisin (Formerly Aisin AI),Aisin
41,Aisin (Formerly Aisin AW),Aisin
42,"Aisin (Foshan) Auto Parts Co., Ltd.�]Formerly Aisin Seiki (Foshan) Automotive Parts Co., Ltd.�^",Aisin
43,"Aisin Automotive Casting Tennessee, Inc.",Aisin
44,"Aisin Automotive Casting, LLC",Aisin
45,"Aisin Chemical Co., Ltd.",Aisin
46,"Aisin Corporation (Formerly Aisin Seiki Co., Ltd.)",Aisin
47,"Aisin Drivetrain, Inc.",Aisin
48,Aisin Europe S.A.,Aisin
49,"Aisin Foshan Electronics Co., Ltd.�]Formerly Aisin Seiki Foshan Electronics Co., Ltd.�^",Aisin
50,"Aisin Keikinzoku Co., Ltd.",Aisin
51,"Aisin Korea Corporation (Formerly Aisin Korea Co., Ltd.)",Aisin
52,"Aisin Light Metals, LLC",Aisin
53,"Aisin Powertrain (Thailand) Co., Ltd. (Formerly AW (Thailand) Co., Ltd.)",Aisin
54,"Aisin Suzhou Co., Ltd. (Formerly AW Suzhou Co., Ltd.)",Aisin
55,"Aisin Takaoka Co., Ltd.",Aisin
56,"Aisin Takaoka Foundry Bangpakong Co., Ltd. (ATFB)",Aisin
57,"Aisin Tianjin Automotive Parts Co., Ltd. (Formerly AW Tianjin Automotive Parts Co., Ltd.)",Aisin
58,Aisin World Corp. of America Inc.,AISIN
59,"Akashi-Kikai Industry Co., Ltd.",Daihatsu
60,"Akebono Brake (Thailand) Co., Ltd.",Akebono Brake Industry
61,Akebono Brake Corporation,Akebono Brake Industry
62,"Akebono Brake Industry Co., Ltd.",Akebono Brake Industry
63,Akebono Brake Mexico S.A. de C.V.,Akebono Brake Industry
64,Akebono Corporation (Suzhou),Akebono Brake Industry
65,Albert Handtmann Metallgusswerk GmbH & Co. KG,
66,Alfred Teves Brake Systems (Pty) Ltd.,
67,Alicon Castalloy Ltd.,
68,Allevard Molas Do Brasil Ltda,
69,Allied JB Friction Pvt. Ltd.,Allied
70,Allied Nippon Private Limited,Allied
71,Allison Transmission Europe B.V.,Allison Transmission
72,Allison Transmission Inc.,Allison Transmission
73,Allison Transmission India Pvt. Ltd.,Allison Transmission
74,"Allison Transmission Japan Co., Ltd.",Allison Transmission
75,Amanda Manufacturing,
76,"American Axle & Manufacturing Holdings, Inc.",
77,American Mitsuba Indiana - AMI,American Mitsuba Corp.(AMC)
78,American Mitsuba Michigan - AMM,American Mitsuba Corp.(AMC)
79,Anexo Automotiva Solu??es Industriais em Metais e Pl?sticos Ltda.,
80,"Anhui Xingrui Gear Transmission Co., Ltd.",
81,"Anji Asia-pacific Brake Systems Co., Ltd.",
82,"Anqing Art TP Pistons Co., Ltd.",
83,Anusham Automotive India Private Limited,
84,"Aptiv (China) Investment Co., Ltd.",Aptiv
85,Aptiv PLC (Formerly Delphi Automotive PLC),Aptiv
86,Aptiv Services 2 France SAS (Formerly Delphi Connection Systems France SAS),Aptiv
87,ArcelorMittal S.A.,
88,"Art Metal Mfg. Co., LTD.",
89,"Art-Serina Piston Co., Ltd.",
90,"Asahi Tec Aluminium (Thailand) Co., Ltd.",Asahi Tec
91,"Asahi Tekko Co., Ltd.",
92,"Asama Giken Co., Ltd.",
93,Asian Automotive Steels Sdn. Bhd.,
94,Aska Corporation,
95,Aston Martin Engine Plant,
96,"Atsumitec (Thailand) Co., Ltd.",Atsumitec
97,"Atsumitec Co., Ltd.",Atsumitec
98,Auria Solutions USA Inc. - Operational Center,
99,"Autokiniton Global Group, LP (Formerly Tower International, Inc.)",
100,"Autoliv ASP, Inc. - Auburn Hills Technical Center",
101,Automotive Stampings and Assemblies Limited. (ASAL),
102,Autoneum India Pvt. Ltd.,
103,Avrand Pishro,
104,AvtoVAZ,
105,B?hler Motor GmbH,
106,"BAIC Motor Powertrain Co., Ltd.",BAIC
107,BAIC ORVC,BAIC
108,"BASF Catalysts (Shanghai) Co., Ltd.",BASF Catalysts
109,BASF Catalysts Germany GmbH - Nienburg Plant,BASF Catalysts
110,BASF Corporation - Catalysts Division,BASF Catalysts
111,BASF S.A.,BASF Catalysts
112,BBP Kunststoffwerk Marbach Baier GmbH & Co. KG,
113,BMTS Technology GmbH & Co. KG (Formerly Bosch MAHLE Turbo Systems GmbH & Co. KG),
114,BMW,
115,BMW Brilliance,
116,BOGE Elastmetall GmbH,
117,"BRUSS Sealing Systems (Shanghai) Co., Ltd.",
118,"BWI (Shanghai) Co., Ltd.",Beijing West Industries
119,"BWI North America, Inc.",Beijing West Industries
120,BYD,BYD
121,BYD Auto Industry,BYD
122,BYD Company Limited,BYD
123,Badve Autocomps Pvt. Ltd.,
124,"Bangkok Eagle Wings Co., Ltd.",
125,Baoding Great Machinery Co. Ltd.,
126,"Baoding Yima Auto Parts Manufacturing Co., Ltd.",
127,Baosteel Tailored Blanks GmbH,
128,"Bebest (Jiangsu) Automobile Technology Co., Ltd.",
129,Behr-Hella Thermo Control Shanghai Private Ltd.,
130,"Beijing Asia-Pacific Automobile Chassis System Co., Ltd.",
131,"Beijing Automotive (Huanghua) Parts Co., Ltd.",BAIC
132,Beijing Benz,Benz
133,"Beijing Benz Automotive Co., Ltd. Engine Factory",Benz
134,"Beijing Daeseung Precision Auto Parts Co., Ltd.",
135,"Beijing Delphi Technology Development Co., Ltd.",Delphi
136,"Beijing Delphi Wanyuan Engine Management Systems Co., Ltd.",Delphi
137,"Beijing Hainachuan Automotive Parts Co., Ltd.",BAIC
138,Beijing Hyundai,Beijing
139,"Beijing Hyundai Mobis Automotive Parts Co., Ltd.",Hyundai
140,"Beijing Hyundai Transys Transmission Co., Ltd. (Formerly Beijing Dymos Transmission Co., Ltd.)",Hyundai
141,"Beijing Landi Renzo Autogas Systems Co., Ltd.",Landi Renzo
142,"Beijing Meili Daewon Spring Co., Ltd. (Formerly Beijing Daewon Asia Automobile Science & Technology Co., Ltd.)",
143,"Beijing NGV Technology Co., Ltd.",
144,"Beijing Sejong Auto Parts Co., Ltd.",Sejong
145,"Beijing Trinova Auto Tech Co., Ltd.",Trinova
146,"Beijing West Industries Co., Ltd.",Beijing West Industries
147,"Beiqi Beinei Engine Parts Co., Ltd.(BEPC)",BEPC
148,Beiqi Foton,Foton
149,Bendix Commercial Vehicle Systems LLC,
150,"Benteler Automotive (Shanghai) Co., Ltd.",Benteler
151,Benteler Automotive Corp.,Benteler
152,Benteler Automotive K.K.,Benteler
153,Benteler Group (Benteler Automobiltechnik GmbH),Benteler
154,"Bethel Automotive Safety Systems Co., Ltd.",
155,Beycelik Gestamp A.S.,
156,"Blove Light Precision HK Co.,Ltd.",
157,BluE Nexus Corporation,
158,"Bohai Automotive Systems Co., Ltd.",
159,"BorgWarner Automotive Components (Beijing) Co., Ltd.",BorgWarner
160,BorgWarner Brasil Ltda.,BorgWarner
161,BorgWarner Inc.,BorgWarner
162,BorgWarner Inc. - Auburn Hills (Formerly Delphi Technologies PLC),BorgWarner
163,BorgWarner Ludwigsburg GmbH (Formerly BERU AG),BorgWarner
164,BorgWarner PDS (Changnyeong) Inc.,BorgWarner
165,"BorgWarner PowerDrive systems (Suzhou) Co., Ltd. (Formerly Delphi Technologies (Suzhou) Co., Ltd.)",BorgWarner
166,"BorgWarner United Transmission Systems Co., Ltd.",BorgWarner
167,"Borgwarner Torqtransfer Systems (Beijing) Co., Ltd.",BorgWarner
168,Bosal International N.V.,
169,Bosch (Bosch Corporation),Bosch
170,Bosch (China) Investment Ltd.,Bosch
171,Bosch (Robert Bosch GmbH),Bosch
172,Bosch (Robert Bosch LLC),Bosch
173,"Bosch Automotive Components (Changchun) Co., Ltd.",Bosch
174,"Bosch Automotive Products (Changsha) Co., Ltd.",Bosch
175,"Bosch Automotive Products (Chengdu) Co., Ltd.",Bosch
176,"Bosch Automotive Products (Suzhou) Co., Ltd.",Bosch
177,Bosch Chassis Systems India Ltd.,Bosch
178,"Bosch HUAYU Steering Systems (Yantai) Co., Ltd.",Bosch
179,"Bosch HUAYU Steering Systems Co., Ltd.",Bosch
180,Bosch Ltd.,Bosch
181,"Bosch Powertrain Systems Co., Ltd. (Formerly Bosch Automotive Diesel Systems Co., Ltd.)",Bosch
182,Bosch Rexroth Kft.,Bosch
183,Bosch Rexroth S.R.L.,Bosch
184,"Bourns, Inc.",
185,Boysen Exhaust Systems (Shenyang) Ltd.,Boysen
186,"Boysen USA, LLC",Boysen
187,Brake Parts Inc. - Mexico,
188,Brakes India Private Limited,
189,"Brembo (Nanjing) Brake Systems Co., Ltd.",Brembo
190,Brembo North America Inc.,Brembo
191,Brembo S.p.A.,Brembo
192,"Brose Fahrzeugteile SE & Co. KG, Coburg",
193,"Brother Precision Ind. Co., Ltd.",
194,Buehler Motor de Mexico S. de R.L. de. C.V.,Buehler
195,"Buehler Motor, Inc.",Buehler
196,"C.S. Piston (Thailand) Co., Ltd.",
197,"CDGM Tanaka Environmental Catalyst Co., Ltd.",
198,"CIE Automotive, S.A.",
199,"CNC Driveline Technology Co., Ltd. (Formerly Zhuhai China And Canton Clutch Co., Ltd.)",
200,COHLINE GmbH,
201,CWC Textron,
202,"Cangzhou Mopam Auto Parts Co., Ltd.",
203,Carcoustics International GmbH,Carcoustics
204,"Carcoustics USA, Inc.",Carcoustics
205,"Cardington Yutaka Technologies, Inc.",
206,"Cataler (Thailand) Co., Ltd.",Cataler
207,Cataler Corporation,Cataler
208,"Changan Mazda Engine Co., Ltd.",Suzuki
209,Changan Suzuki,Changan
210,"Changchun Beite Automotive Parts Co., Ltd.",
211,"Changchun Dare Automobile Parts Co., Ltd. (Formerly Changchun FAWSN Dare Automobile Parts Co., Ltd.)",
212,"Changchun FAWAY Automobile Components Co., Ltd. �]Formerly Changchun FAW Sihuan Automobile Co., Ltd.�^",
213,"Changchun Fawer-IHI Turbo Co., Ltd.",
214,"Changchun Hirotec Co., Ltd.",
215,"Changchun NOK-Freudenberg Oil seal Co., Ltd.",
216,"Changchun Yidong Clutch Co., Ltd.",
217,"Changhua Holding Group Co., Ltd. (Formerly Zhejiang Changhua Auto Parts Co., Ltd.)",
218,"Changsha Asteer WuuShiang Auto Parts Co., Ltd.",
219,"Changsha Cosma Automobile Co., Ltd.",
220,"Changsha Faurecia Emissions Control Technologies Co., Ltd.",
221,"Changsha Futaba Auto Parts Co., Ltd.",Futaba
222,"Changshu Jinhua Machinery Co., Ltd.",Changshu
223,"Changshu Juili Automotive Parts Co., Ltd.",Changshu
224,"Chengdu Changrui Automotive Components Co., Ltd.",
225,"Chengdu Chuanan Automotive Parts Co., Ltd.",
226,"Chengdu Engley Automobile Parts Co., Ltd.",
227,"Chengdu FAW Sihuan Hosing Automotive Components Co., Ltd.",
228,"Chengdu Faurecia Automotive System Co., Ltd.",
229,"Chengdu Hongcheng Automotive Parts Manufacturing Co., Ltd.",
230,"Chengdu Huachuan Electric Parts Co., Ltd.",
231,"Chengdu Lingchuan Special Industries Co., Ltd.",
232,"Chengdu Mingran Intelligent Technology Co., Ltd.",
233,"Chengdu Ningjiang Showa Autoparts Co., Ltd.",
234,"Chengdu ThyssenKrupp Fawer Spring Co., Ltd.",
235,Chengdu Xiling Power Science & Technology Incorporated Company,
236,"Chengdu Yonghua F.C.C. Clutches Co., Ltd.",
237,"Chengdu Zhengheng Auto Parts Co., Ltd.",
238,"Chenzhi (Chongqing) Brake System Co.,Ltd. (Formerly CSG TRW Chassis Systems Co. Ltd.)",
239,Chery,
240,"Chian Hsing (Taicang) Metals Products Co., Ltd.",
241,"China Chang'an Automobile Group Co., Ltd. Chongqing Tsingshan Transmission Branch (Formerly China South Industries Motors Co., Ltd.)",
242,"China FCC Foshan Co., Ltd.",FCC
243,China Spring Corporation Limited,
244,"Chongqing Beite Technology Co., Ltd.",
245,Chongqing Changan,
246,"Chongqing Dajiang Jiexin Forging Co., Ltd.",
247,"Chongqing Hegui Environmental Science and Technology Co., Ltd.",
248,"Chongqing Hiter Automotive Exhaust Systems Co., Ltd.",
249,"Chongqing Huafu Industry Co., Ltd.",
250,"Chongqing Jinfeng Mechanical Co., Ltd.",
251,"Chongqing Landai Transmission Co., Ltd.",
252,Chongqing Qin'an Mechanical & Electrical Plc.,
253,"Chongqing Sejong Auto Parts Co., Ltd.",Sejong
254,"Chongqing Sokon Power Co., Ltd.",
255,"Chongqing Tsingshan Industrial Co., Ltd.",
256,"Chongqing Xiyuan Camshaft Co., Ltd.",
257,"Chongqing Youfin Auto Electronic Control System Co., Ltd.",Youfin
258,"Chongqing Yu'an Shock Absorber Co., Ltd.",
259,"Chongqing Zhimao Mechanical Manufacturing Co., Ltd.",
260,Chrysler,
261,"Chuhatsu (Thailand) Co., Ltd. (Formerly, Chuo Thai Cable Co., Ltd.)",Chuhatsu
262,"Chuo Spring Co., Ltd.",
263,Clear Motion Inc.,
264,Coavis Mexico S.A. de C.V.,
265,"Constellium Automotive USA, LLC",
266,ContiTech AG,
267,Continental AG,Continental
268,Continental Automotive - Vehicle Dynamics,Continental
269,Continental Automotive Benelux B.V.B.A,Continental
270,Continental Automotive Brake Systems India Pvt. Ltd.,Continental
271,Continental Automotive Corp,Continental
272,"Continental Automotive Maquila Mexico, S.A. de C.V. - Juarez 2",Continental
273,Continental Automotive Mexicana S.A. de C.V. - Las Colinas,Continental
274,"Continental Automotive Systems (Shanghai) Co., Ltd.",Continental
275,"Continental Automotive Systems US, Inc.",Continental
276,"Continental Automotive Systems, Inc. - Culpeper (Formerly Continental Teves, Inc.)",Continental
277,"Continental Automotive Systems, Inc. - Morganton (Formerly Continental Teves, Inc.)",Continental
278,Continental Automotive Technologies GmbH - Gifhorn (Formerly Continental Teves AG & Co. oHG),Continental
279,Continental Automotive Technologies GmbH - World HQ + Frankfurt Plant (Formerly Continental Teves AG & Co. oHG),Continental
280,"Continental Holding China Co., Ltd.",Continental
281,"Continental Huayu Brake Systems (Chongqing) Co., Ltd.",Continental
282,"Continental Temic Electronics (Phil), Inc.",Continental
283,Continental Teves UK Ltd,Continental
284,"Continental Tires (China) Co., Ltd.",Continental
285,Contitech Fluid Shanghai Co.�ALtd.,
286,Cooper-Standard Holdings Inc.,
287,"Corning (Shanghai) Co., Ltd.",
288,"Corporacion Mitsuba de Mexico, S.A. de C.V. - Silao Plant",
289,Crefact Corporation,
290,"D-ACT.Co., Ltd. (Formerly Aoi Machine Industry Co., Ltd.)",D-ACT
291,"D-ACT.Co., Ltd. - Osaka (Formerly Kawamura Metal Mfg. Co., Ltd.)",D-ACT
292,DFSK,
293,"DL Motors Co., Ltd.",
294,"DR Axion Co., Ltd.",
295,DURA Automotive Systems LLC,
296,"DYNA-MIG, A Division Of F&P Mfg., Inc.",
297,"Daao (Wuhu) Automobile Products Co., Ltd.(Formerly Tower (Wuhu) Automotive Parts Co., Ltd.)",
298,Dae Seung Autoparts India Pvt Ltd.,
299,"Daejoo Kores Co.,Ltd.",
300,"Daewon Kangup Co., Ltd.",
301,"Daido Kogyo Co., Ltd.",Daido
302,"Daido Metal Co., Ltd.",Daido
303,"Daido Steel Co., Ltd.",Daido
304,Daihatsu,Daihatsu
305,Daihatsu Kyushu,Daihatsu
306,"Daihatsu Metal Co., Ltd.",Daihatsu
307,"DaikyoNishikawa (Thailand) Co., Ltd.",
308,"Dalian Demaishi Precision Technology Co., Ltd.",
309,Dana Graziano S.R.L. (Formerly Oerlikon Graziano S.p.A.),
310,Dana Incorporated (Formerly Dana Holding Corporation),
311,Dana India Pvt. Ltd.,
312,"Dayco (Suzhou) Co., Ltd.",Dayco
313,Dayco Incorporated (Formerly Dayco Products LLC),Dayco
314,"Denso (Thailand) Co., Ltd.",Denso
315,Denso Automotive Deutschland GmbH,Denso
316,Denso Corporation,Denso
317,Denso Europe B.V.,Denso
318,Denso Group (China),Denso
319,Denso India Pvt. Ltd. (Formerly Denso India Ltd.),Denso
320,"Denso International America, Inc.",Denso
321,Denso International India Pvt. Ltd.,Denso
322,"Denso Manufacturing Athens Tennessee, Inc.",Denso
323,Denso Manufacturing Italia S.p.A.,Denso
324,"Denso Manufacturing Tennessee, Inc.",Denso
325,Denso Mexico S.A. de C.V.,Denso
326,Denso do Brasil Ltda.,Denso
327,Detroit Diesel Corporation,
328,"Dias Automotive Electronic Systems Co., Ltd.",
329,Divgi TorqTransfer Systems Limited,
330,"Dong Yang Piston Co., Ltd.",
331,"DongSeo Machine & Tools Co., Ltd.",
332,"Dongfeng Faurecia (Xiangyang) Emissions Systems Co., Ltd",Dongfeng
333,Dongfeng Honda,Dongfeng
334,"Dongfeng Honda Auto Parts Co., Ltd.",Dongfeng
335,"Dongfeng Honda Engine Co., Ltd.",Dongfeng
336,"Dongguan Tongjin Electrical Appliance Technology Co., Ltd.",
337,"Donghee Slovakia, s.r.o.",
338,"Dongsuh Federal-Mogul Co., Ltd.",
339,"Dongwon SK, s.r.o",
340,"Dongying Xinyi Automobile Fitting Co., Ltd.",
341,Dowlais Group plc,
342,Dumarey Powerglide Strasbourg SAS (Formerly Punch Powerglide Strasbourg SAS),
343,Dynamatic Technologies Ltd- JKM Ferrotech Limtied (Formerly Dynamatic Technologies Ltd. - JKM Automotive),
344,Dynax Corporation,Dynax
345,"Dynax Industry (Shanghai) Co., Ltd.",Dynax
346,EFC International,
347,"ESTRA Automotive Systems Co., Ltd. (Formerly erae Automotive Systems Co., Ltd.)",
348,"EXEDY (Thailand) Co., Ltd.",Exedy
349,EXEDY Corporation,Exedy
350,EXEDY DYNAX Mexico S.A de C.V.,Exedy
351,EXEDY India Ltd. - Greater Noida Plant,Exedy
352,Ebersp?cher Gruppe GmbH & Co. KG,
353,Eisenwerk Bruehl GmbH,
354,ElringKlinger AG,ElringKlinger
355,ElringKlinger Italia Srl,ElringKlinger
356,ElringKlinger do Brasil Ltda.,ElringKlinger
357,Emitec Emission Control Technologies India Pvt. Ltd. (Formerly Continental Automotive Components India Pvt. Ltd.),
358,Endurance Technologies Ltd.,
359,Enoki Corporation,
360,Estas Eksantrik San. Ve Tic. A.S.,
361,"Exedy Chongqing Co., Ltd.",Exedy
362,"Exedy Dynax (Shanghai) Co., Ltd.",Exedy
363,"Exquisite Automotive Parts (Thailand) Co., Ltd.",Exquisite
364,"Exquisite Automotive Systems Co., Ltd. Baoding Xushui EA Chassis Branch",Exquisite
365,Exro Technologies - Dandenong South (Formerly SEA Electric Pty Ltd.),
366,"Ezaki Industrial (Thailand) Co., Ltd.",
367,"F.C.C. Co., Ltd.",
368,F.S. Fehrer Automotive GmbH,
369,"FAW Foundry Co., Ltd.",FAW Group
370,"FAW Foundry Co., Ltd. Chengdu Non-Ferrous Casting Branch",FAW Group
371,"FAW Foundry Co., Ltd. Second Foundry Plant",FAW Group
372,"FAW Koyo Steering Systems Co., Ltd.",FAW Group
373,"FAW Toyota Engine (Tianjin) Co., Ltd. (Formerly Tianjin FAW Toyota Engine Co., Ltd.)",FAW Group
374,"FAW-Tokico Shock Absorber Co., Ltd.",FAW Group
375,FAW-Volkswagen,FAW Group
376,FAWER Automotive Parts Limited Company,Fawer
377,"FCC (Adams), LLC.",FCC
378,"FCC (North America), Inc.",FCC
379,"FCC (Thailand) Co., Ltd.",FCC
380,"FCC Automotive Parts De Mexico, S.A. de C.V.",FCC
381,FCC Clutch India Private Limited (Formerly FCC India Manufacturing Pvt. Ltd.),FCC
382,FEMALK Zrt. - Dunavars?ny Plant,
383,FMI Automotive Components Pvt. Ltd.,
384,FORVIA SE (FORVIA faurecia) (Formerly Faurecia SE),Forvia
385,FPT Industrial S.p.A.,
386,"FTE Mexicana, S.A. de C.V. (Valeo Mexico Puebla)",FTE
387,FTE automotive GmbH,FTE
388,FTE automotive USA Inc.,FTE
389,Farplas Otomotiv A.?. (Farplas Automotive Inc.) (Formerly Farplas Otomotiv Yedek Parcalari Imalati Iharacati A.?.),Farplas
390,"Faurecia (Chengdu) Emission Control Technologies Co., Ltd.",Faurecia
391,"Faurecia (China) Holding Co., Ltd.",Faurecia
392,"Faurecia (Guangzhou) Automotive Systems Co., Ltd. Chengdu Branch",Faurecia
393,"Faurecia (Guangzhou) Automotive Systems Co., Ltd. Dongguan Branch",Faurecia
394,"Faurecia (Guangzhou) Automotive Systems Co., Ltd. Sanshui Branch",Faurecia
395,"Faurecia (Qingdao) Exhaust Systems Co., Ltd.",Faurecia
396,Faurecia Automotive Czech Republic s.r.o.,Faurecia
397,Faurecia Clean Mobility - Augsburg,Faurecia
398,Faurecia Clean Mobility - Chakan,Faurecia
399,Faurecia Clean Mobility - Chennai,Faurecia
400,Faurecia Clean Mobility - Toledo,Faurecia
401,Faurecia Clean Mobility - Troy,Faurecia
402,"Faurecia Clean Mobility, Limeira Ltda.",Faurecia
403,"Faurecia Components P?sek, s.r.o.",Faurecia
404,"Faurecia Emissions Control Systems Korea Co., Ltd.",Faurecia
405,"Faurecia Emissions Control Technologies (Beijing) Co., Ltd.",Faurecia
406,"Faurecia Emissions Control Technologies (Chongqing) Co., Ltd.",Faurecia
407,"Faurecia Emissions Control Technologies (Nanchang) Co., Ltd.",Faurecia
408,"Faurecia Emissions Control Technologies (Ningbo) Co., Ltd.",Faurecia
409,"Faurecia Emissions Control Technologies (Thailand) Co., Ltd.",Faurecia
410,"Faurecia Emissions Control Technologies (Yantai) Co., Ltd.",Faurecia
411,"Faurecia Emissions Control Technologies Development (Shanghai) Co., Ltd.",Faurecia
412,"Faurecia Exhaust Mexicana, S.A. de C.V.",Faurecia
413,"Faurecia Exhaust Systems Changchun Co., Ltd.",Faurecia
414,Faurecia Exhaust Systems s.r.o.,Faurecia
415,"Faurecia Honghu Exhaust Systems Shanghai Co., Ltd.",Faurecia
416,"Faurecia Tongda Exhaust System (Wuhan) Co., Ltd.",Faurecia
417,"Fawer Automotive Parts Co., Ltd. Pump Branch Company",Fawer
418,"Fawer Y-Tec Automotive Chassis System Co., Ltd. (Formerly Changchun Tower Golden Ring Automotive Products Co. Ltd.)",Fawer
419,"Federal-Mogul (China) Co., Ltd.",Federal-Mogul
420,Federal-Mogul Automotive Products India Pvt. Ltd (Formerly Federal-Mogul Goetze India),Federal-Mogul
421,Federal-Mogul Bremsbelag GmbH (Formerly Honeywell Friction Materials Germany GmbH),Federal-Mogul
422,Federal-Mogul Corporation Pistons,Federal-Mogul
423,Federal-Mogul Holdings LLC,Federal-Mogul
424,Federal-Mogul Wiesbaden GmbH,Federal-Mogul
425,"Feilong Auto Components Co., Ltd. (Formerly Henan Xixia Auto Water Pump Co., Ltd.)",
426,"Figure Intelligent Technology Co., Ltd.",
427,"FinDreams Powertrain Co., Ltd.",FinDreams
428,"FinDreams Technology Co., Ltd.",FinDreams
429,"Fine Sinter Co., Ltd.",
430,"Firestone Industrial Products Company, LLC",
431,Fleetwood Metal Industries Inc.,
432,Flex-N-Gate Corporation,Flex N Gate
433,Flex-N-Gate S.A.S.U.,Flex N Gate
434,Foma S.p.A.,
435,Ford,Ford
436,"Foshan Fengfu Auto Parts Co., Ltd.",
437,"Foshan J.B. Automotive Products Co., Ltd.",
438,"Foshan Kanemitsu Automoive Parts Co., Ltd.",
439,"Foton ZF LCV Automated Transmission (Jiaxing) Co., Ltd.",Foton
440,"Fox Factory, Inc. - Gainesville Facility",
441,Frenos y Mecanismos S.A. de C.V. - PLant 1 & 2,
442,Freudenberg SE,Freudenberg Sealing Technologies
443,Freudenberg Sealing Technologies AG,Freudenberg Sealing Technologies
444,Freudenberg Sealing Technologies GmbH & Co. KG,Freudenberg Sealing Technologies
445,Freudenberg-NOK Sealing Technologies,Freudenberg Sealing Technologies
446,Friedrich Boysen GmbH & Co. KG,
447,Fritz Winter Eisengie?erei GmbH & Co. KG - Stadtallendorf,
448,"Fuji Machinery Co., Ltd.",
449,"Fujian Zhaori Environmental Science and Technology Development Co., Ltd.",
450,"Fujiwa Machinery Industry (Kunshan) Co., Ltd.",
451,"Fukai MFG Co., Ltd.",
452,"Fulin Precision Co., Ltd. (Formerly Mianyang Fulin Precision Co., Ltd.)",
453,"Futaba Czech, S.R.O.",Futaba
454,"Futaba Industrial Co., Ltd.",Futaba
455,"Futaba Kogyo Co., Ltd.",Futaba
456,"Fuxin Dare Automotive Parts Co., Ltd.",
457,"Fuxin Lanye Technology Co., Ltd.",
458,"Fuzhou Ibara Lioho Machinery Co., Ltd.",
459,"G-One Auto Parts de Mexico, S.A. de C.V.",
460,"G-TEKT (Thailand) Co.,Ltd.",G-TEKT
461,"G-TEKT Eastern Co., Ltd. (G-TEC)",G-TEKT
462,"GAC Aisin Automatic Transmission Co., Ltd.",GAC Group
463,"GAC Toyota Engine Co., Ltd.",GAC Group
464,GEIGER Automotive GmbH,
465,GETRAG Transmission Manufacturing de Mexico S.A de C.A (Formerly GETRAG Americas GmbH),
466,"GF Casting Solutions Kunshan Co., Ltd.",
467,GF Linamar LLC,
468,GH Auto Parts Industries Inc.,
469,"GKN Driveline (Thailand) Co., Ltd.",GKN
470,GKN Driveline Tochigi Holdings KK,GKN
471,"GKN Sinter Metals, LLC",GKN
472,GM,
473,GMB Korea Corp.,GMB
474,GMB Romania Auto Industry S.R.L.,GMB
475,Gabriel India Ltd.,
476,"Ganzhou Jingwei Science & Technology Co., Ltd.",
477,Garrett Motion Inc. (Formerly Honeywell Turbo Technologies Inc.),Garrett Motion
478,"Garrett Motion Technology (Wuhan) Co., Ltd. (Formerly Honeywell Turbo Technologies (Wuhan) Co., Ltd.)",Garrett Motion
479,Gates Corporation,
480,Gebauer & Griller Kabelwerke GmbH,
481,Gedia Gebrueder Dingerkus GmbH,
482,Gentherm Pr?zision SE,
483,Georg Fischer AG,
484,"Gestamp Auto Components (Shenyang) Co., Ltd.",Gestamp
485,Gestamp Automocion S.A.,Gestamp
486,"Gestamp Automotive Chongqing Co., Ltd.",Gestamp
487,"Gestamp Automotive Kunshan Co., Ltd.",Gestamp
488,Gestamp North America,Gestamp
489,Gestamp Severstal Vsevolozhsk St. Petersburg,Gestamp
490,Gestamp South Carolina LLC,Gestamp
491,"Gestamp West Virginia, LLC",Gestamp
492,Gibbs Die Casting Corporation,
493,"Global Technology Co., Ltd.",
494,Great Wall,Great Wall
495,Great Wall - Xushui Branch,Great Wall
496,"GreatWall Motors Co., Ltd. Tianjin Transmission Development",Great Wall
497,"Grede Holdings LLC - Brewton, AL",
498,"GuangDong PaiSheng Intelligent Technology Co.,Ltd. (Formerly Guangdong Hongteo Technology Co., Ltd.)",
499,"Guangdong Hongtu Technology (Holdings) Co., Ltd.",
500,"Guangdong Zhaoqing Power Accessories Co., Ltd.",
501,Guangzhou Ahresty Casting Co. Ltd.,Ahresty
502,"Guangzhou Daonuo Electronic Technology Co., Ltd.",Guangzhou
503,"Guangzhou Futaba Auto Parts Co., Ltd.",Futaba
504,"Guangzhou Huade Automobile Spring Co., Ltd. Zhengzhou Branch",Guangzhou
505,"Guangzhou Nidec Auto Drive System Co., Ltd.",Guangzhou
506,"Guangzhou Qisheng Powertrain Co., Ltd.",Guangzhou
507,"Guangzhou Ruili Kormee Automotive Electronic Co., Ltd. (Formerly Guangzhou Kormee Vehicle Brake Technology Development Co., Ltd.)",Ruili
508,"Guangzhou SANGO  Automotive Parts Co., Ltd.",Sango
509,"Guilin Fuda Co., Ltd.",
510,"H-ONE Co., Ltd.",H-ONE
511,"H-ONE India Pvt., Ltd.",H-ONE
512,"H-ONE Parts (Thailand) Co., Ltd.",H-ONE
513,"H-ONE Parts Sriracha Co., Ltd.",H-ONE
514,"HASCO KSPG Nonferrous Components (Shanghai) Co., Ltd. (Formerly Kolbenschmidt Pierburg Shanghai Nonferrous Components Co., Ltd.)",SAIC Motor Group
515,"HASCO Powertrain Components System (Shanghai) Co., Ltd.(Formerly Shanghai Sachs Powertrain Components Systems Co., Ltd.)",SAIC Motor Group
516,"HASCO Powertrain Components Systems (Shanghai) Co., Ltd. Liuzhou Branch (Formerly Shanghai Sachs Powertrain Components Systems Co., Ltd. Liuzhou Branch)",SAIC Motor Group
517,"HL Mando (Beijing) Automotive System Co., Ltd. (Formerly Mando (Beijing) Automotive Chassis System Co.,Ltd.)",HL Mando
518,"HL Mando (Ningbo) Automotive System Co., Ltd. (Formerly Mando (Ningbo) Automotive Parts Co., Ltd.)",HL Mando
519,"HL Mando (Suzhou) Automotive System Co., Ltd. (Formerly Mando Suzhou Chassis System Co., Ltd.)",HL Mando
520,HL Mando America Corporation - Alabama (Formerly Mando America Corporation - Alabama),HL Mando
521,HL Mando America Corporation - Georgia (Formerly Mando (Georgia) 1 America Corporation),HL Mando
522,HL Mando Anand India Private Limited (Formerly HL Mando Automotive India Private Limited),HL Mando
523,HL Mando Corporation (Formerly Mando Corporation),HL Mando
524,HL Mando Corporation Mexico SA de CV (Formerly Mando Corporation Mexico SA de CV),HL Mando
525,HL Mando R&D America Corporation (Formerly Mando America Corporation - Detroit),HL Mando
526,HOERBIGER Automotive Comfort Systems LLC -Alabama,Hoerbiger
527,HORSE Aveiro,
528,"Haikou Tongda Exhaust System Co., Ltd.",
529,"Hamana Parts Industry Co., Ltd.",
530,"Hangzhou Hangcheng Friction Material Co., Ltd.",
531,"Hangzhou Iveco Automobile Transmission Technology Co., Ltd.",
532,"Hangzhou Jiantai Machinery Co., Ltd.",
533,"Hangzhou New Shibao Electric Power Steering System Co., Ltd.",
534,"Hanon Systems (Dalian) Co., Ltd.",Hanon Systems
535,Hanon Systems (Formerly Halla Visteon Climate Control),Hanon Systems
536,Hanon Systems Plovdiv EOOD (Fromerly Magna Powertrain Plovdiv Eood),Hanon Systems
537,"Hanya Seisakusho Co., Ltd.",
538,Happy Product Inc.,
539,"Harbin Airui Emissions Control Technology Co., Ltd. (Formerly Harbin Airui Automotive Exhaust Systems Co., Ltd.)",Airui
540,"Harbin Airui Environmental Protection Technology Co., Ltd.",Airui
541,"Harbin Dongan Auto Engine Co., Ltd.",Dongan
542,"Harbin Dongan Automotive Engine Manufacturing Co., Ltd.",Dongan
543,"Harbin Hafei Transmission Shaft Co., Ltd.",
544,Hebei Changan,
545,"Hebei Dongan Precision Manufacturing Co., Ltd.",Dongan
546,"Hebei Dongta Auto Parts Co., Ltd.",
547,"Hebei Lida Metal Products Group Co., Ltd. (Formerly Hebei Leader Metal Products Co., Ltd.)",
548,"Hefei Ahresty Casting Co., Ltd.",Ahresty
549,"Hefei Gotion High-tech Power Energy Co., Ltd. (Formerly Hefei Guoxuan High-tech Power Energy Co., Ltd.)",Hefei
550,"Hella Changchun Tooling Co., Ltd.",Hella
551,Hella GmbH & Co. KGaA (FORVIA HELLA),Hella
552,Hella Pagid GmbH,Hella
553,"Hella Shanghai Electronics Co., Ltd.",Hella
554,"Heritage Products, Inc.",
555,Hewland Engineering Ltd.,
556,Hirosei (Thailand) Ltd.,
557,"Hiroshima Aluminum Industry Co., Ltd.",
558,"Hiroshima Seimitsu Kogyo Co., Ltd.",
559,Hirotec Corporation,Hirotec
560,"Hirotec Manufacturing (Thailand) Co., Ltd.",Hirotec
561,Hirotec Manufacturing Deutschland GmbH,Hirotec
562,"Hirotec Mexico, S.A.de C.V.",Hirotec
563,Hirschvogel Aluminium GmbH,Hirschvogel
564,"Hirschvogel Automotive Components (Pinghu) Co., Ltd.",Hirschvogel
565,Hirschvogel Group (Hirschvogel Holding GmbH),Hirschvogel
566,Hirschvogel Komponenten GmbH,Hirschvogel
567,"Hiruta And Summit Co., Ltd.",Hiruta
568,"Hiruta Kogyo Co., Ltd.",Hiruta
569,"Hitachi Astemo Americas, Inc. (Formerly  Hitachi Automotive Systems Americas, Inc.)",Hitachi
570,"Hitachi Astemo Americas, Inc. - Berea Plant (Formerly Hitachi Automotive Systems Americas, Inc. - Berea Plant)",Hitachi
571,"Hitachi Astemo Americas, Inc. - Blanchester Plant (Formerly American Showa, Inc. - Blanchester Plant)",Hitachi
572,"Hitachi Astemo Americas, Inc. - Findlay Plant (Formerly Nissin Brake Ohio Inc.)",Hitachi
573,"Hitachi Astemo Asia Ltd. - Gateway plant (Formerly Hitachi Automotive Systems Asia, Ltd.)",Hitachi
574,Hitachi Astemo Automotive Powertrain Systems (Guangzhou) Ltd. (Formerly Hitachi Automotive Systems Products (Guangzhou) Ltd.),Hitachi
575,Hitachi Astemo Automotive Powertrain Systems (Shanghai) Ltd. (Formerly Hitachi Automotive Systems Products (Shanghai) Ltd.),Hitachi
576,"Hitachi Astemo Automotive Powertrain Technologies (Dongguan) Ltd. (Formerly Dongguan Keihin Engine Management System Co., Ltd.)",Hitachi
577,Hitachi Astemo Automotive Systems (China) Ltd. (Formerly Hitachi Automotive Systems (China) Ltd.),Hitachi
578,Hitachi Astemo Automotive Systems (Guangzhou) Ltd. (Formerly Hitachi Automotive Systems (Guangzhou) Ltd.),Hitachi
579,Hitachi Astemo Automotive Systems (Suzhou) Ltd. (Formerly Hitachi Automotive Systems (Suzhou) Ltd.),Hitachi
580,"Hitachi Astemo Ayutthaya Ltd. (Formerly Keihin Auto Parts (Thailand) Co., Ltd.)",Hitachi
581,"Hitachi Astemo Brake Systems (Zhongshan) Ltd. (Formerly Nissin Brake Systems Zhongshan Co., Ltd.)",Hitachi
582,"Hitachi Astemo Canada, Inc. (Formerly Showa Canada Inc.)",Hitachi
583,"Hitachi Astemo Chassis Systems (Guangzhou) Ltd. (Formerly Guangzhou Showa Autoparts Co., Ltd.)",Hitachi
584,"Hitachi Astemo Chassis Systems (Guangzhou) Ltd. Wuhan Branch (Formerly Guangzhou Showa Autoparts Co., Ltd. Wuhan Branch)",Hitachi
585,"Hitachi Astemo Chassis Systems (Zhongshan) Ltd. (Formerly Zhongshan Nissin Industry Co., Ltd.)",Hitachi
586,"Hitachi Astemo Chassis?Systems (Suzhou) Ltd. (Formerly Tokico Automotive (Suzhou) Co., Ltd.)",Hitachi
587,"Hitachi Astemo Chonburi Auto Parts Ltd. (Formerly Showa Auto Parts (Thailand) Co., Ltd.)",Hitachi
588,"Hitachi Astemo Chonburi Manufacturing Ltd. (Formerly Summit Showa Manufacturing Co., Ltd.)",Hitachi
589,"Hitachi Astemo Korat Brake Systems Ltd. (Formerly Nissin Brake (Thailand) Co., Ltd.)",Hitachi
590,Hitachi Astemo Korat Ltd. (Formerly Tokico Thailand Ltd.),Hitachi
591,"Hitachi Astemo Mexico, S.A. de C.V. - Queretaro Plant (Formerly Hitachi Automotive Systems Mexico, S.A. de C.V.)",Hitachi
592,"Hitachi Astemo Ueda, Ltd. (Formerly Nissin Brake Systems Co., Ltd.)",Hitachi
593,"Hitachi Astemo, Ltd. (Formerly Hitachi Automotive Systems, Ltd.)",Hitachi
594,Hoerbiger Holding AG,Hoerbiger
595,"Hohsei Industrial Co., Ltd.",Hohsei
596,Honda,Honda
597,"Honda Auto Parts Manufacturing Co., Ltd.",Honda
598,"Honda Foundry (Asian) Co., Ltd.",Honda
599,"Honda Foundry Co., Ltd.",Honda
600,Howmet Aerospace Inc.,
601,"Huada Automotive Technology Co., Ltd.",
602,"Huahuan (Suzhou) Automotive Technology Co., Ltd.",
603,"Hubei Super Electric Motor Co., Ltd.",
604,"Hubei Yongzhe Hot Stamping Parts Co., Ltd.",
605,"Hudson Industries, Inc.",
606,Huf Huelsbeck & Fuerst GmbH & Co. KG,
607,"Huizhou Nippon Steel Forging Co., Ltd. (Formerly Huizhou Sumikin Forging Co., Ltd.)",
608,"Hunan Aibeihe Purification Technology Co., Ltd.",
609,"Hunan Jisheng International Power Transmission System Co., Ltd.",
610,"Hunan KDL Precision Industry Co., Ltd.",
611,"Hunan Meihu Intelligent Manufacturing Co., Ltd. (Formerly Hunan Oil Pump Co., Ltd.)",
612,Huron Inc.,
613,Hutchinson S.A.,Hutchinson
614,Hwashin America Corp.,Hwashin
615,"Hwashin Co., Ltd.",Hwashin
616,"Hwasin Precision Co.,Ltd.",
617,"HyUnion Holding Co., Ltd.(Formerly Qingdao Haili Metal One Co., Ltd.)",
618,Hyundai Kefico Corporation,Hyundai
619,"Hyundai Kefico M?xico, S. de R.L. de C.V.",Hyundai
620,"Hyundai Mobis Co., Ltd.",Hyundai
621,"Hyundai Transys (Shandong) Co., Ltd. (Formerly Hyundai Powertech (Shandong) Co., Ltd.)",Hyundai
622,"Hyundai Transys Georgia Seating System, LLC (Formerly Hyundai Dymos Georgia LLC)",Hyundai
623,"Hyundai Transys Inc. - Jigok Plant (Formerly Hyundai Powertech Co., Ltd.)",Hyundai
624,"Hyundai Transys Inc. - Seongyeon Plant (Formerly Hyundai Dymos, Inc.)",Hyundai
625,"Hyundai Transys Mexico Powertrain, S. de R.L. de C.V. (Formerly Hyundai Powertech Mexico S. de R.L. de C.V.)",Hyundai
626,Hyundai WIA Corporation (Formerly WIA Corporation),Hyundai
627,Hyundam America Inc.,Hyundam
628,"Hyundam Industrial Co., Ltd.",Hyundam
629,IHD Industries Pvt. Ltd.,
630,"ILJIN Global Co., Ltd.",
631,INDUSTRIAS GALFER S. A.,
632,"IT Forging (Thailand) Co., Ltd.",
633,"ITT High Precision Manufactured Products (Wuxi) Co., Ltd.",ITT
634,ITT Inc.,ITT
635,ITT Industries Friction Products S.R.L.,ITT
636,"Ichii Co., Ltd.",
637,"Ichitan Co., Ltd.",
638,"Ihara Manufacturing (Thailand) Co., Ltd.",
639,In-house Production at Daihatsu,Daihatsu
640,In-house Production at Hino,Hino
641,In-house Production at Honda,Honda
642,In-house Production at Mazda,Mazda
643,In-house Production at Mitsubishi,Mitsubishi
644,In-house Production at Nissan,Nissan
645,In-house Production at Suzuki,Suzuki
646,In-house Production at Toyota,Toyota
647,India Pistons Ltd.,
648,Industrie Saleri Italo S.p.A.,
649,Isuzu,
650,JATCO (Guangzhou) Automatic Transmission Ltd.,JATCO
651,JATCO France SAS,JATCO
652,JATCO Ltd.,JATCO
653,"JTEKT Automotive (Thailand) Co., Ltd.",JTEKT
654,"JTEKT Automotive (Tianjin) Co., Ltd.",JTEKT
655,"JTEKT Automotive Mexico, S.A. de C.V.�]JAMX)",JTEKT
656,"JTEKT Automotive North America, Inc. - Morristown Plant (Formerly JTEKT Automotive Tennessee - Morristown, Inc.)",JTEKT
657,"JTEKT Automotive North America, Inc. - Vonore Plant (Formerly JTEKT Automotive Tennessee-Vonore, Inc.)",JTEKT
658,"JTEKT Coating (Thailand) Co., Ltd. (Formerly CNK Manufacturing (Thailand) Co., Ltd.)",JTEKT
659,JTEKT Corporation,JTEKT
660,JTEKT Europe S.A.S.,JTEKT
661,JTEKT India Limited (Formerly Sona Koyo Steering Systems Ltd.),JTEKT
662,JTEKT India Limited - Bawai Plant (Formerly JTEKT Sona Automotive India Ltd.),JTEKT
663,JTEKT North America Corporation,JTEKT
664,JTEKT Sales Deutschland GmbH (Formerly Koyo Deutschland GmbH),JTEKT
665,"JTEKT Steering Systems (Xiamen) Co., Ltd.",JTEKT
666,"JX Zhao's Group Co., Ltd.",
667,Jaguar Land Rover,
668,"Japan Brake Industrial Co., Ltd.",Hitachi
669,"Japan Drop Forge Co., Ltd.",Japan
670,"Japhl Powertrain Systems Co., Ltd.",
671,"Jatco USA, Inc.",JATCO
672,Jay Bharat Maruti Ltd. (JBML),
673,Jaya Hind Industries ltd.,
674,"Jebsen TCG Automotive Systems (Dalian) Co., Ltd.",
675,"Jeon Woo Precision Co., Ltd.",
676,"Jiangsu Hengyi Industrial Technology Co., Ltd.(Formerly Jiangsu Hengyi Auto Parts Manufacturing Co., Ltd.)",
677,"Jiangsu Hyundai WIA Co., Ltd.",
678,"Jiangsu Luoshi Vibration Control Co., Ltd.",
679,"Jiangsu Meili Daewon Spring Co., Ltd. (Formerly Jiangsu Daewon Asia Automobile Spring Co., Ltd.)",
680,"Jiangsu Mobis Automotive Parts Co., Ltd.",
681,"Jiangsu Pacific Precision Forging Co., Ltd.",
682,Jiangsu Shanghai Automobile Gear Works,
683,"Jiangsu VCS Automotive Technology Co., Ltd.",
684,"Jiangxi Tmhold Automobile Parts Co., Ltd.",Jiangxi
685,"Jiangxi Tongxin Machinery Co., Ltd.",Jiangxi
686,"Jiangyin Haida Rubber & Plastic Co., Ltd.",
687,"Jiaxing KEM Electromagnetic Technology Co., Ltd.",
688,"Jinhua Oulun Catalytic Scheme Co., Ltd.",
689,"Jinzhou Halla Electrical Equipment Co., Ltd.",Wonder Auto Technology Group (WATG)
690,"Jinzhou Huayi Precision Co., Ltd. (Formerly Jinzhou Huayi Spinning Technology Co., Ltd.)",
691,"Jinzhou Leader Shock Absorber Co., Ltd.",Wonder Auto Technology Group (WATG)
692,"Johnson Electric Machinery Factory Co., Ltd. (Formerly Johnson Electric Group)",Johnson Electric
693,Johnson Matthey GmbH,Johnson Matthey
694,Johnson Matthey PLC,Johnson Matthey
695,Johnson Matthey Shanghai Chemicals Ltd.,Johnson Matthey
696,KACO GmbH + Co. KG,
697,"KAKUTA Tech Forging Co., Ltd. Miyoshi Factory (Formerly Kakuta Iron Works Co., Ltd.-Miyoshi Factory)",
698,KATE LLC,
699,"KB Autosys (Zhangjiagang) Co., Ltd.",KB Autosys
700,"KB Autosys Co., Ltd. (Formerly Korea Beral Co., Ltd.)",KB Autosys
701,KB Autosys India Private Limited,KB Autosys
702,"KESENS Power Technology (Jiaxing) Co., Ltd.",
703,KEYLEX Corporation,
704,KIRCHHOFF Automotive AG,Kirchhoff
705,KIRCHHOFF Automotive Canada Inc. - Aurora,KIRCHHOFF
706,KIRCHHOFF Automotive Deutschland GmbH,KIRCHHOFF
707,KIRCHHOFF Automotive Lansing,KIRCHHOFF
708,KIRCHHOFF Automotive Manchester,Kirchhoff
709,KIRCHHOFF Automotive Mexico S.A. de C.V. - Puebla,Kirchhoff
710,KLT Automotive & Tubular Products Ltd.,
711,KOMOS Automotive India,
712,KS Large Bore Pistons Group (Formerly KS Kolbenschmidt GmbH),
713,KSM Castings Group GmbH,
714,KSR International Inc.,
715,"KYB (Thailand) Co., Ltd.",KYB
716,KYB Americas Corporation - Indiana,KYB
717,KYB Corporation,KYB
718,KYB Europe GmbH,KYB
719,KYB Industrial Machinery (Zhenjiang) Ltd.,KYB
720,"KYB Latinoamerica, S.A. de C.V. (KYB Mexico S.A. de C.V. Mexico City Branch)",KYB
721,KYB Manufacturing do Brasil Fabricante de Autopecas S.A. (Formerly KYB-Mando do Brasil Fabricante de Autopecas S.A.),KYB
722,"KYB Steering (Thailand) Co., Ltd.",KYB
723,"Kaneta Kogyo (Foshan) Co., Ltd.",Kaneta Kogyo
724,"Kaneta Kogyo Co., Ltd.",Kaneta Kogyo
725,"Katcon (Shanghai) Emission Control Systems Co., Ltd.",Katcon
726,"Katcon (Shenyang) Emission Control Systems Co., Ltd.",Katcon
727,"Katcon (Xiangtan) Emission Control Systems Co., Ltd.",Katcon
728,Katcon Global S.A. de C.V.,Katcon
729,"Katcon USA, Inc.",Katcon
730,Kautex Inc. - Headquarters North America,Kautex
731,Kautex Textron GmbH & Co. KG,Kautex
732,Kawada MX S.A. de C.V.,
733,"Kayser Automotive Systems (Changchun) Co., Ltd.",
734,"Keboda Technology Corporation (Formerly Shanghai Oubao Electronic Technology Co., Ltd.)",
735,"Keeper Co., Ltd.",
736,"Keihin Seimitsu Kogyo Co., Ltd.",
737,Kendrion Automotive (Sibiu) S.R.L.,
738,Keystone Powdered Metal Company,
739,Kia,
740,"Kinugawa Rubber Industrial Co., Ltd.",
741,"Kirchhoff Automotive (Suzhou) Co., Ltd.",Kirchhoff
742,Kirchhoff Polska Sp z o.o.,KIRCHHOFF
743,"Kiriu (Thailand) Co., Ltd.",Kiriu
744,Kiriu Corporation,Kiriu
745,Kiriu Mexicana S.A. de C.V.,Kiriu
746,Kirpart Otomotiv Parcalari Sanayi Ve Tic. A.S.,
747,"Kitagawa (Thailand) Co., Ltd.",Kitagawa
748,Kitagawa Corporation,Kitagawa
749,Knauf SAS,
750,"Kolbenschmidt Huayu Piston Co., Ltd.",Kolbenschmidt
751,Kolbenschmidt Pistons - Japan (Formerly Kolbenschmidt K.K.),Kolbenschmidt
752,Kolomna Powder Metallurgy Plant LLC,
753,Koni BV,
754,"Kubota Iron Works Co., Ltd.",Kubota
755,"Kubota Ironworks (Thailand) Co., Ltd.",Kubota
756,"Kunming Sino-Platinum Metals Catalyst Co., Ltd.",
757,"Kurashiki Siam Rubber Co., Ltd.",
758,"Kyoho Machine Works, Ltd.",
759,"Kyokuyo Industrial (Thailand) Co., Ltd.",Kyokuyo
760,"Kyokuyo Industrial Co., Ltd.",Kyokuyo
761,"Kyoritsu Seiki (Thailand) Co., Ltd.",Kyoritsu
762,"Kyoritsu Seiki Co., Ltd.",Kyoritsu
763,"Kyosan Denki Co., Ltd.",
764,"Kyushu Yanagawa Seiki Co., Ltd.",
765,L&L Products Inc.,
766,L?PPLE AG,
767,"Landai Technology Group Corp., Ltd. (Formerly Chongqing Landai Power Transmission Machinery Co., Ltd.)",Landai Technology Group
768,"Lee Won Precision Co.,Ltd.",
769,"Liaoning SG Automotive Chassis Systems Co., Ltd.",Liaoning SG Automotive
770,"Liaoning SG Automotive Chassis Systems Co., Ltd. Foshan Branch",Liaoning SG Automotive
771,Linamar Corporation,Linamar
772,Linamar Plettenberg GmbH (Formerly Seissenschmidt GmbH),Linamar
773,Linamar Powertrain GmbH (LPT),Linamar
774,Linamar de Mexico S.A. de C.V.,Linamar
775,Linde + Wiemann SE & Co. KG,
776,"Liuzhou Aoxing Auto Parts Manufacturing Co., Ltd.",
777,Liuzhou Catarc Auto Hi-Tech Company,CATARC
778,"Liuzhou SAIC Automotive Transmission Co., Ltd.",SAIC Motor Group
779,"Liuzhou SAIC Automotive Transmission Co., Ltd. Chongqing Branch",SAIC Motor Group
780,"Liuzhou Wuling Liuji Power Co., Ltd.",
781,"Liyuan Piston Industry Group Co., Ltd.",
782,Lovato Gas S.P.A.,
783,Lucas TVS Limited,
784,"Lucas Varity Langzhong Brake Co., Ltd. (LVLB)",
785,M-Hero Auto,
786,M?hlhoff Umformtechnik GmbH,
787,MAGNA Formpol Sp. z o.o.,Magna
788,MAHLE ANAND THERMAL SYSTEMS PRIVATE LIMITED (Formerly MAHLE Behr India Ltd.),MAHLE
789,MAHLE Behr GmbH & Co. KG,MAHLE
790,"MAHLE Componentes de Motor de M?xico, S. de R.L. de C.V.",MAHLE
791,"MAHLE Componentes de Motor de M?xico, S. de R.L. de C.V. - Ramos Arizpe",MAHLE
792,"MAHLE Engine Components (Chongqing) Co., Ltd.",MAHLE
793,"MAHLE Engine Components (Thailand) Co., Ltd.",MAHLE
794,"MAHLE Engine Components (Yingkou) Co., Ltd.",MAHLE
795,MAHLE Engine Components India Private Limited (Formerly MAHLE IPL Limited),MAHLE
796,MAHLE Engine Components India Private Limited - Pithampur (Sector-3),MAHLE
797,MAHLE Engine Components India Pvt. Ltd. - Pithampur (Sector-1),MAHLE
798,MAHLE Engine Components Japan Corporation,MAHLE
799,"MAHLE Filter Systems (Tianjin) Co., Ltd. (Formerly MAHLE Donghyun Filter Systems (Tianjin) Co., Ltd.)",MAHLE
800,MAHLE GmbH,MAHLE
801,"MAHLE Industries, Inc., Farmington Hills",MAHLE
802,"MAHLE Industries, Inc., Morristown",MAHLE
803,MAHLE Metal Leve S.A. - Jundiai,MAHLE
804,MAHLE S.A.U.,MAHLE
805,MANN+HUMMEL GmbH,
806,MCG,
807,MHG Fahrzeugtechnik GmbH,
808,"MJ Automotive Systems (Dalian) Co., Ltd. (Formerly Mitec�PJebsen Automotive Systems (Dalian) Co., Ltd.)",
809,"MOBIS Alabama, LLC.",Mobis
810,"MOBIS India, Ltd. (MIA)",Mobis
811,MOBIS Slovakia s.r.o.,MOBIS
812,"MS Motorservice Asia Pacific Co., Ltd.",
813,MSSC Inc.,
814,MacLean-Fogg Component Solutions - Engineered Plastics Company,MacLean-Fogg
815,"MacLean-Fogg Component Solutions, LLC",MacLean-Fogg
816,MagMarelli Sosnowiec Poland Sp. z o.o. (Formerly Magneti Marelli Poland Sp.z.o.o.),
817,Magna Drive Automotive -MagnaCosmo,Magna
818,Magna International Inc.,Magna
819,"Magna Mirrors (Shanghai) Co., Ltd. Chengdu Branch",Magna
820,Magna PT B.V. & Co. KG (Formerly Getrag B.V. & Co. KG),Magna
821,"Magna PT Powertrain (Jiangxi) Co., Ltd. (Formerly GETRAG (Jiangxi) Transmission Co. Ltd.)",Magna
822,Magna Powertrain Bad Homburg GmbH,Magna
823,Magneti Marelli Powertrain India Pvt. Ltd.,Magneti Marelli
824,Magneti Marelli SKH Exhaust Systems Pvt. Ltd. - Pune Plant,Magneti Marelli
825,Marelli (Guangzhou) Corporation (Formerly Calsonic Kansei (Guangzhou) Corporation),Marelli
826,Marelli (Guangzhou) Corporation Zhengzhou Branch (Formerly Calsonic kansei (Guangzhou) Corporation Branch Zhengzhou Plant),Marelli
827,"Marelli Automotive Components (Changsha) Co., Ltd.(Formerly Magneti Marelli Automotive Components (Changsha) Co., Ltd.)",Marelli
828,Marelli Automotive Components (Guangzhou) Corporation (Formerly Calsonic Kansei (Guangzhou) Components Corp.),Marelli
829,"Marelli Automotive Electronics (Guangzhou) Co. Ltd.(Formerly Magneti Marelli Automotive Electronics (Guangzhou) Co., Ltd.)",Marelli
830,Marelli Bielsko-Bia?a Poland Sp. z o.o. (Formerly Magneti Marelli Suspension Systems Bielsko Sp. z.o.o.),Marelli
831,Marelli Corporation (Formerly Calsonic Kansei Corporation),Marelli
832,Marelli Europe S.p.A - Modugno,Marelli
833,Marelli Europe S.p.A. (Formerly Magneti Marelli S.p.A.),Marelli
834,"Marelli Mexicana, S.A. de C.V. - San Francisco Plant (Formerly Calsonic Kansei Mexicana, S.A. de C.V. - San Francisco Plant)",Marelli
835,Marelli Morocco LLC SARL,Marelli
836,Marelli Motherson Auto Suspension Parts Pvt. Ltd.,Marelli
837,"Marelli North America, Inc. - Shelbyville Plant",Marelli
838,Marelli Sistemas Automotivos Ind?stria e Com?rcio Brasil LTDA,Marelli
839,Martinrea Honsel Germany GmbH,Martinrea
840,"Martinrea Honsel Mexico, S.A. de C.V.",Martinrea
841,Martinrea International Inc.,Martinrea
842,Martinrea International US Inc.,Martinrea
843,Maruti Suzuki,
844,"Masuda Manufacturing Co., Ltd.",
845,Maxion Montich S.A.,
846,"Maxion Wheels do Brasil Ltda. (Formerly, Hayes Lemmerz Industria de Rodas Ltda)",
847,Mazda,Mazda
848,"Mazda Powertrain Manufacturing (Thailand) Co., Ltd.",Mazda
849,"Means Industries, Inc.",Means
850,"Means Transform Products - London, Ontario Canada (Formerly Transform Automotive Canada Ltd)",Means
851,Means Transform Products - Sterling Heights,Means
852,Megatech Industries GmbH,
853,Melco Automotivos do Brasil Ltda.,
854,Meleghy Automotive GmbH & Co. KG,
855,Melling Engine Parts,
856,"Meritor, Inc.",
857,Metal Powder Products LLC,
858,Metalart Corporation,Metalart
859,Metaldyne Performance Group Inc.,Metaldyne
860,"Metaldyne Powertrain Components, Inc. - Twinsburg",Metaldyne
861,"Metaldyne Sintered Ridgway, LLC",Metaldyne
862,Metalsa S.A. de C.V.,Metalsa
863,Metalsa S.A. de C.V. - Apodaca,Metalsa
864,Metalsa S.A.P.I. de C.V. - Guanajuato,Metalsa
865,Metalurgica Schadek Ltda.,
866,Metts Corporation,
867,"Mianyang Xinchen Engine Co., Ltd.",
868,Miba AG,
869,"Midway Products Group, Inc.",
870,"Mikoto Machinerey Co., Ltd.",
871,Mikuni Corporation,
872,"Minebea AccessSolutions Mexico S.A. de C.V. (Formerly Honda Lock Mexico, S.A. de C.V.)",
873,"MinebeaMitsumi Inc. (Formerly Minebea Co., Ltd.)",
874,"Minghua de M?xico, S.A. de C.V.",
875,"Minth AAPICO (Thailand) Co., Ltd.",Minth
876,Minth Group Limited,Minth
877,Mitsuba Corporation,
878,"Mitsubishi Electric Automotive (China) Co., Ltd.",Mitsubishi
879,"Mitsubishi Electric Automotive America, Inc.",Mitsubishi
880,Mitsubishi Electric Automotive Czech s.r.o.,Mitsubishi
881,Mitsubishi Electric Automotive India Pvt. Ltd.,Mitsubishi
882,"Mitsubishi Electric Automotive de Mexico, S.A. de C.V.",Mitsubishi
883,Mitsubishi Electric Corporation,Mitsubishi
884,"Mitsubishi Electric Shihlin Automotive Changzhou Co., Ltd.",Mitsubishi
885,"Mitsubishi Electric Thai Auto-Parts Co., Ltd.",Mitsubishi
886,Mitsubishi Motor,Mitsubishi
887,"Mitsubishi Steel Mfg. Co., Ltd.",Mitsubishi
888,"Mizushima Kiko Co., Ltd.",
889,"Mobis Manufacturing de Mexico, S. de R.L. de C.V.",Mobis
890,"Mobis North America, LLC - Ohio",Mobis
891,"Monroe Mexico, S. de R.L. de C.V. - Celaya",
892,Motonic Corporation,
893,Motor Super,
894,Mubea Inc.,Mubea
895,Mubea Motorkomponenten GmbH,Mubea
896,Mubea Otomotiv Parcalari Sanayi ve Ticaret Ltd. Sti.,Mubea
897,Mubea Stabilizer Bar Systems s.r.o.,Mubea
898,Mubea Tailor Rolled Blanks GmbH- Attendorn,Mubea
899,Mubea de M?xico S. de R.L de C.V.,Mubea
900,Muhr und Bender KG (Mubea Group),Mubea
901,Multimatic Indiana Inc.,Multimatic
902,Multimatic Tennessee,Multimatic
903,"Multimatic, Inc.",Multimatic
904,Mungi Engineers Pvt. Ltd.,
905,Munjal Showa Ltd.,
906,"Musashi Auto Parts (Zhongshan) Co., Ltd.",Musashi
907,Musashi Auto Parts Canada Inc.,Musashi
908,"Musashi Auto Parts Co., Ltd.",Musashi
909,"Musashi Casting Co., Ltd.",Musashi
910,"Musashi Seimitsu Industry Co., Ltd.",Musashi
911,"Myunghwa Ind. Co., Ltd.",
912,"NASN Automotive Electronics Co., Ltd.",
913,"NHK Spring (Thailand) Co., Ltd.",NHK
914,"NHK Spring (Thailand) Co., Ltd. - Wellgrow Plant",NHK
915,"NHK Spring Co., Ltd.",NHK
916,NHK of America Suspension Components Inc.,NHK
917,NICHIAS Corp.,
918,NPP ITELMA LLC - Kostroma Plant,
919,"NPR of America, Inc.",
920,NSK Corporation,NSK
921,NSK Ltd.,NSK
922,"NSK Steering Systems America, Inc. - Dyersburg",NSK
923,"NSK Steering Systems Co., Ltd.",NSK
924,NTN Corporation,
925,"Nakatani Koun Co., Ltd.",
926,"Nanjing Automobile Forging Co., Ltd.",
927,"Nanjing Chervon Auto Precision Technology Co., Ltd.",
928,"Nanjing Hanshen Material Technology Co., Ltd. (Formerly Nanjing Ecocat Emission Technology Co., Ltd.)",
929,"Nanjing Hirotec Co., Ltd.",
930,"Nanjing Valeo Clutch Co., Ltd.",
931,"Nanpi Lvyuan Environmental Protection Equipment Co., Ltd.",
932,"Nantong Yifeng Mechanical Components Manufacturing Co., Ltd.",
933,"Nanyang Cijan Auto Shock Absorber Co., Ltd.",Nanyang
934,"Nanyang Linjite Metal Products Co., Ltd.",Nanyang
935,National Engineering Industries Ltd.,
936,"Neijiang Jinhong Crankshaft Co., Ltd.",
937,Nemak ?zmir D?k?m Sanayi A.?.,Nemak
938,Nemak Aluminio do Brasil Ltda.,Nemak
939,Nemak Dillingen GmbH,Nemak
940,Nemak Europe GmbH,Nemak
941,Nemak Linz GmbH,Nemak
942,Nemak Poland Sp. Z.o.o.,Nemak
943,Nemak USA Inc. - Alabama,Nemak
944,Nemak Wernigerode GmbH,Nemak
945,"Nemak, S.A.B. de C.V.",Nemak
946,Neumayer Tekfor GmbH,
947,"New Mather Metals, Inc.",
948,New Products Corp.,
949,Nexteer Automotive - Queretaro Plant,Nexteer
950,Nexteer Automotive Group Ltd.,Nexteer
951,Nexteer Automotive Ltd. - Saginaw,Nexteer
952,Nidec Corporation,Nidec
953,Nidec GPM Automotive Pumps (Suzhou) Co. Ltd. (Formerly GPM Automotive Pumps (Suzhou)),Nidec
954,Nidec GPM GmbH  (Formerly Geraete- und Pumpenbau GmbH Dr. Eugen Schmidt),Nidec
955,Nidec Mobility Mexico S. de R.L.de C.V.,Nidec
956,Nidec Powertrain Systems (Zhejiang) Corporation (Formerly Nidec Tosok (Zhejiang) Corporation),Nidec
957,Nidec Powertrain Systems Corporation (Formerly Nidec Tosok Corporation),Nidec
958,Nifco Inc.,
959,"Nikki Co., Ltd.",
960,"Ningbo Geely Royal Engine Parts Co., Ltd.",
961,"Ningbo Huaxiang Electronic Co., Ltd.",NBHX Group
962,"Ningbo Kesen Exhaust Gas Cleaner Manufacturing Co., Ltd.",
963,"Ningbo Shenglong Automotive Powertrain System Co., Ltd.",Ningbo Shenglong Group
964,"Ningbo Shenglong Intelligent Manufacturing Camshaft Co., Ltd. (Formerly Ningbo Shenglong Precision Camshafts Co., Ltd.)",Ningbo Shenglong Group
965,"Ningbo Shuanglin Auto Parts Co., Ltd.",
966,"Ningbo Tuopu Group Co., Ltd.(Formerly Ningbo Tuopu Brake System Co., Ltd.)",Tuopu
967,"Ningbo Xusheng Group Co., Ltd. (Formerly Ningbo Xusheng Auto Technology Co., Ltd.)",Ningbo Xusheng Group
968,"Ningbo Yuxiang Wire Control Chassis Co., Ltd. (Formerly Ningbo Tuopu Intelligent Brake System Co., Ltd.)",Tuopu
969,"Ningde Times (Shanghai) Intelligent Technology Co., Ltd.",
970,"Nippatsu Kiko Co., Ltd.",
971,Nippon Injector Corporation,Mitsubishi
972,"Nippon Piston Ring Co., Ltd.",Riken
973,Nippon Steel Corporation (Formerly Nippon Steel & Sumitomo Metal Corporation),Sumitomo
974,"Nishioka Malleable Iron Ind. Co., Ltd.",
975,Nissan,Nissan
976,"Nissan Kohki Co., Ltd.",Nissan
977,Nissan Motor Iberica (NMISA),Nissan
978,Nissan North America,Nissan
979,Nisshinbo Brake Inc.,Nisshinbo
980,Nisshinbo Holdings Inc.,Nisshinbo
981,"Nisshinbo Saeron (Changshu) Automotive Parts Co., Ltd.",Nisshinbo
982,"Nisshinbo Somboon Automotive Co.,Ltd.",Nisshinbo
983,Nitron Racing Systems Ltd.,
984,Norsk Hydro ASA,
985,Novares (Formerly Mecaplast S.A.M.),
986,"Novelis, Inc.",
987,OPmobility SE (Formerly Compagnie Plastic Omnium SE),
988,"OTICS (Thailand) Co., Ltd.",Otics
989,OTICS Corporation,Otics
990,Odenwald-Chemie GmbH,
991,Oehlins Racing AB,
992,Oerlikon Friction Systems (Germany) GmbH,
993,"Ogino Kogyo Co., Ltd.",
994,"Ogusu Industry Co., Ltd.",
995,Oiles Corporation,
996,"Okamoto Press Industry Co., Ltd.",
997,Omori Technos Corporation,
998,Omron Corp.,
999,Ondo Corporation (Formerly Ondo Kosakusho),Ondo
1000,"Ondo Shinsho (Thailand) Co., Ltd.",Ondo
1001,"Otics Mechanical Industry (Chang Shu) Co., Ltd.",Otics
1002,Otto Vollmann GmbH & Co. KG,
1003,Ovalo GmbH,
1004,"Owari Seiki (Thailand) Co., Ltd. (OST)",
1005,P.C.S. Machine Group Holding PCL,
1006,P.T. Aisan Nasmoco Industri,Aisan
1007,P.T. Asama Indonesia Manufacturing,Asama
1008,P.T. EXEDY Manufacturing Indonesia,Exedy
1009,P.T. FCC Indonesia,FCC
1010,P.T. Honda Precision Parts Manufacturing,Honda
1011,P.T. Kayaba Indonesia,
1012,P.T. Musashi Auto Parts Indonesia,Musashi
1013,P.T. Nusa Toyotetsu Corporation,
1014,P.T. Otics Indonesia,Otics
1015,P.T. Pakarti Riken Indonesia,Riken
1016,PHINIA Componentes Mexico S. de R.L. de C.V. (Formerly BorgWarner Componentes PDS S. de R.L. de C.V.),Phinia
1017,PMG Holding GmbH,PMG
1018,"POSCO Co., Ltd.",Posco
1019,PSA Peugeot Citroen,
1020,PT Metalart Astra Indonesia (Formerly PT Metalart Indonesia),Metalart
1021,PT Robert Bosch,Bosch
1022,PT. AT Indonesia,
1023,PT. Aichi Forging Indonesia,Aichi
1024,PT. Aisin Indonesia,Aisin
1025,PT. Akashi Wahana Indonesia,
1026,PT. Akebono Brake Astra Indonesia,Akebono
1027,PT. Art Piston Indonesia,
1028,PT. Astra Otoparts Tbk,
1029,PT. Chuhatsu Indonesia - Cibitung Plant,
1030,PT. Denso Indonesia,Denso
1031,PT. Federal Izumi Manufacturing,
1032,PT. Futaba Industrial Indonesia,Futaba
1033,PT. Honda Prospect Motor,Honda
1034,PT. Indonesia Thai Summit Auto,
1035,PT. Sango Indonesia,Sango
1036,PT. Yorozu Automotive Indonesia,
1037,PV Clean Mobility Technologies,
1038,"Pacific Industrial Co., Ltd.",
1039,Padmini VNA Mechatronics Pvt. Ltd.,
1040,Pancon MIE (Formerly Sunstone Components Group),
1041,Peugeot,
1042,"Phinia Delphi Automotive Systems (Shanghai) Co., Ltd. (Formerly BorgWarner Shanghai Automotive Fuel Systems Co., Ltd.)",
1043,Pierburg GmbH,Pierburg
1044,Pierburg GmbH - Plant Niederrhein,Pierburg
1045,Pierburg Japan Corp.,Pierburg
1046,Pierburg MIKUNI Pump Technology (Shanghai) Corporation,Pierburg
1047,Pierburg Pump Technology Mexico S. A. de C. V.,Pierburg
1048,"Plastic Tec, S.A. de C.V. - Lerma",
1049,"Plasticos Automotrices de Sahagun, S.A. de C.V",
1050,Plastomer Corporation,
1051,Pr?zisionstechnik G?strow GmbH (PTG),
1052,Precision Camshafts Ltd.,PCL
1053,"Precision Sintered Products (Wuxi) Co., Ltd.",
1054,"Press Kogyo Co., Ltd.",
1055,Pricol Ltd.,
1056,Prince Metal Stampings USA Inc.,
1057,"Prospira (Changzhou) Automotive Products Co., Ltd. (Formerly Bridgestone (Changzhou) Automotive Products Co., Ltd.)",
1058,"Proterial, Ltd. (Formerly Hitachi Metals, Ltd.)",
1059,"Purem Automotive Technology (Chongqing) Co., Ltd. (Formerly Ebersp?cher Exhaust Technology (Chongqing) Co., Ltd.)",Purem
1060,"Purem Automotive Technology (Shanghai) Co., Ltd. (Formerly Ebersp?cher Exhaust Technology (Shanghai) Co., Ltd.)",Purem
1061,"Purem Automotive Technology (Taizhou) Co., Ltd. (Formerly Ebersp?cher Exhaust Technology (Taizhou) Co., Ltd.)",Purem
1062,Purem GmbH (Formerly Ebersp?cher Exhaust Technology GmbH & Co. KG),Purem
1063,"Purem Novi Inc. - Northport (Formerly Eberspaecher North America, Inc. - Northport)",Purem
1064,Pyung Hwa India Pvt. Ltd.,Pyung Hwa
1065,"Pyung Hwa Industrial Co., Ltd.",Pyung Hwa
1066,"Qianchao Sunway Co., Ltd. (Formerly Jiangsu Sunway Precision Forging Co., Ltd.)",
1067,"Qijing Machinery Co., Ltd.",
1068,"Qingdao Huaxiang Automotive Metal Parts Co., Ltd.",
1069,"Qufu Jinhuang Technology Co., Ltd.",
1070,"R. H. Sheppard Co., Inc.",
1071,REMUS Innovation GmbH,
1072,"ROKI Co., Ltd.",Roki
1073,Ramko Injection Inc.,
1074,Rane (Madras) Ltd.,Rane
1075,Rane Group,Rane
1076,Rausch & Pausch Automotive GmbH & Co. KG (RAPA Automotive),
1077,Renault,
1078,Renault - Sevilla Plant,
1079,"Resonac America, Inc. (Formerly Showa Denko Materials (America), Inc.)",Resonac
1080,"Resonac Corporation (Formerly Showa Denko Materials Co., Ltd.)",Hitachi
1081,"Resonac Materials (Thailand) Co., Ltd. (Formerly Showa Denko Materials (Thailand) Co., Ltd.)",Resonac
1082,"Resonac Materials (Thailand) Co., Ltd. - Ayutthaya Factory (Formerly Showa Denko Materials (Thailand) Co., Ltd. - Ayutthaya Factory)",Resonac
1083,"Resonac Materials Mexico, S.A. de C.V. (Formerly Showa Denko Materials Mexico, S.A. de C.V.)",Resonac
1084,Rheinmetall AG,Rheinmetall
1085,Rheinmetall Automotive -USA,Rheinmetall
1086,Rico Auto Industries Ltd.,
1087,Riken Corporation,Riken
1088,Robert Bosch (France) S.A.S.,Bosch
1089,Robert Bosch (Pty) Ltd.,Bosch
1090,Robert Bosch Automotive Steering GmbH,Bosch
1091,Robert Bosch Automotive Steering Kft.,Bosch
1092,Robert Bosch Automotive Steering LLC,Bosch
1093,Robert Bosch Automotive Technologies (Thailand) Co. Ltd. - Amata city Plant 1,Bosch
1094,Robert Bosch GmbH - Blaichach,Bosch
1095,Robert Bosch LLC - Charleston,Bosch
1096,Robert Bosch Limitada,Bosch
1097,Robert Bosch Mexico S.A. de C.V.,Bosch
1098,Robert Bosch odbytova s.r.o.,Bosch
1099,"Robert Bosch, spol. s r.o.",Bosch
1100,"Roki (Thailand) Co., Ltd.",Roki
1101,"Roki Suzhou Co., Ltd.",Roki
1102,Rollax GmbH & Co. KG,
1103,Rongtai Industrial Development Le?n S. de R.L. de C.V.,
1104,Rudolph Usinados S.A.,
1105,Ruili Group Corporation,Ruili
1106,"Ruili Group Ruian Auto Parts Co., Ltd.",Ruili
1107,Ryobi Aluminium Casting (UK) Ltd.,Ryobi
1108,"Ryobi Die Casting (Thailand) Co., Ltd",Ryobi
1109,"Ryobi Die Casting (USA), Inc.",Ryobi
1110,"Ryobi Die Casting Dalian Co., Ltd.",Ryobi
1111,Ryobi Limited,Ryobi
1112,"SAIC GM Dong Yue Powertrain Co., Ltd.",SAIC Motor Group
1113,"SAIC Lianchuang Intelligent Network Technology (Jiangsu) Co., Ltd.",SAIC Motor Group
1114,SAIC Passenger Vehicle,SAIC Motor Group
1115,SAIC-GM,SAIC Motor Group
1116,"SANGO Thai Engineering & Manufacturing Co., Ltd. (STEM) (Formerly YS Pund Co., Ltd.)",Sango
1117,"SANGO Thai Engineering & Manufacturing Co., Ltd. (STEM) - Banpho plant",Sango
1118,SEG Automotive Components Brazil Ltda.,SEG
1119,SEG Automotive Germany GmbH (Formerly Robert Bosch Starter Motors Generators Holding GmbH),SEG
1120,SEG Automotive India Private Ltd.,SEG
1121,SEG Automotive M?xico Manufacturing S.A. de C.V.,SEG
1122,"SEG Automotive Products (China) Co., Ltd. (Formerly Robert Bosch Motor (China) Co., Ltd.)",SEG
1123,SGMW,SAIC Motor Group
1124,SHW AG,SHW
1125,"SJG Sejong Co., Ltd. (Formerly Sejong Industrial Co., Ltd.)",Sejong
1126,"SJG Sejung Co., Ltd. (Formerly Sejung Co., Ltd.)",SJG Sejung
1127,SKF Industrie S.p.A.,SKF
1128,SKF Japan Ltd.,SKF
1129,"SKF Sealing Solutions, S.A. de C.V.",SKF
1130,SKF USA Inc.,SKF
1131,SKH Magneti Marelli Exhaust Systems Pvt. Ltd.,
1132,SKH Metals Ltd.,
1133,SKH Y-TEC India Pvt. Ltd.,
1134,SNOP,
1135,"SNT Daewoo (Kunshan) Co., Ltd.",SNT Motiv
1136,"SNT Motiv Co., Ltd. (Formerly S&T Motiv Co., Ltd.)",SNT Motiv
1137,"SWAT Auto Parts Co., Ltd.",
1138,"Saeron Automotive Beijing Co.,Ltd.",
1139,"Sakamoto Industry Co., Ltd.",
1140,"Sakura Metal Industry Co., Ltd.",
1141,Sakurai Ltd.,
1142,"Saleri Shanghai Co., Ltd.",
1143,"Sambo Motors Co., Ltd.",
1144,"Samkee Corp. (Formerly Samkee Automotive Co., Ltd.)",
1145,Samvardhana Motherson Group,
1146,"Sanden HASCO Automotive Air-Conditioning Co., Ltd. (Formerly Sanden Huayu Automotive Air-Conditioning Co., Ltd.)",
1147,"Sango Co., Ltd.",SANGO
1148,"Sangsin Brake (Wuxi) Co., Ltd.",Sangsin
1149,"Sangsin Brake Co.,Ltd.",Sangsin
1150,"Sankei Co., Ltd.",Sankei
1151,"Sankei Giken Kogyo Co., Ltd.",Sankei
1152,Sapura Industrial Berhad,
1153,"Schaeffler (China) Co., Ltd.",Schaeffler
1154,Schaeffler AG,Schaeffler
1155,Schaeffler AG (Formerly Vitesco Technologies Group AG),Schaeffler
1156,Schaeffler Automotive Buehl GmbH & Co. KG,Schaeffler
1157,Schaeffler Group USA Inc.,Schaeffler
1158,Schaeffler India Limited,Schaeffler
1159,Schaeffler India Limited (Formerly Luk India Pvt. Ltd.),Schaeffler
1160,"Schaeffler Japan Co., Ltd.",Schaeffler
1161,Schaeffler Savaria Kft. (Formerly LuK Savaria Kft.),Schaeffler
1162,"Schaeffler Transmisi?n, S. de R.L. de C.V. �V Puebla (Formerly LuK Puebla, S.A. de C.V.)",Schaeffler
1163,"Schaeffler Transmission Systems, LLC �V Wooster (Formerly LuK USA LLC)",Schaeffler
1164,Schw?bische H?ttenwerke Automotive GmbH (SHW Automotive GmbH),SHW
1165,Sellowrap Industries Pvt. Ltd. (Formerly Sellowrap Manufacturing Pvt. Ltd.),
1166,"Sensata Technologies Changzhou Co., Ltd.",Sensata
1167,"Sensata Technologies, Inc.",Sensata
1168,Setrab AB,
1169,"Shaanxi Fast Auto Drive Group Co., Ltd.",
1170,"Shandong Changlin Foundry Co., Ltd.",
1171,"Shandong Disheng Transmission Co., Ltd.",
1172,"Shandong Gold Phoenix Co., Ltd.",
1173,"Shandong Hyundai Wia Automobile Engine Co., Ltd. (Formerly Hyundai WIA Automotive Engine (Shangdong) Co., Ltd.)",Hyundai
1174,"Shandong Longji Machinery Co., Ltd.",
1175,"Shandong SAIC Automotive Transmission Co., Ltd.",SAIC Motor Group
1176,"Shandong Youfin Auto Electronic Control System Co., Ltd.",Youfin
1177,"Shandong Zhenting Jinggong Piston Co., Ltd.",Zhenting Jinggong
1178,"Shanghai Aeroengine Manufacturing Co., Ltd.",
1179,"Shanghai Aichi Forging Co., Ltd.",Aichi
1180,"Shanghai Automobile Gear Works Co., Ltd. (SAGW)",SAGW
1181,"Shanghai Automotive Brake Systems Co., Ltd.",SAIC Motor Group
1182,Shanghai Baolong Automotive Corporation,Shanghai Baolong
1183,"Shanghai Beite Technology Co., Ltd.",Shanghai Beite Tech
1184,Shanghai Benteler Huizhong Automotive Company Ltd.,Benteler
1185,"Shanghai Boyang Electrical & Mechanical Technology Development Co., Ltd.",
1186,"Shanghai Carthane Co., Ltd.",
1187,"Shanghai Cosmopolitan Automobile Accessory Co., Ltd.",
1188,"Shanghai DuoLi Auto Parts Co., Ltd.",
1189,"Shanghai E-xon Power System Co., Ltd.",
1190,Shanghai Hezhong Auto Parts Factory.,
1191,"Shanghai Huizhong Automotive Manufacturing Co., Ltd.",
1192,"Shanghai LEEKR Technology Co., Ltd.",
1193,"Shanghai Langt Autocatalyst Co., Ltd.",
1194,"Shanghai Leaf Blade Machine Manufacturing Co., Ltd.",
1195,"Shanghai Lianming Machinery Co., Ltd.",
1196,"Shanghai Metalsa Automotive Parts Co., Ltd.",
1197,"Shanghai SDZ Auto Parts Co., Ltd.",
1198,"Shanghai Sachs Huizhong Shock Absorber Co., Ltd.",
1199,"Shanghai Sandmann Foundry Co., Ltd.",
1200,"Shanghai Tenneco Exhaust System Co., Ltd.",
1201,"Shanghai Tenneco Exhaust System Co., Ltd. Changsha Branch",
1202,"Shanghai Trugo Automotive Technology Co., Ltd.",
1203,"Shanghai Tsingdu Automotive Technology Co., Ltd.",
1204,"Shanghai Valeo Automotive Electrical Systems Co., Ltd.",
1205,"Shanghai Volkswagen Powertrain Co., Ltd.",
1206,"Shanghai Zhelin Auto Parts Co., Ltd.",
1207,Shape Corp. -World Headquarters,
1208,Sharda Industries,Sharda
1209,Sharda Motor Industries Ltd.,Sharda
1210,"Shengrui Transmission Co., Ltd.",Shengrui
1211,"Shenyang Aerospace Mitsubishi Motors Engine Manufacturing Co., Ltd.",Mitsubishi
1212,"Shenyang Lingyun Waldaschaff Automotive Industry Technology Co., Ltd.",Lingyun
1213,"Shenyang Sanwei Machinery Co., Ltd.",
1214,"Shiloh Industries, Inc.",
1215,Shineray,
1216,"Shinko Kogyo Co., Ltd.",
1217,"Shiyan Tenneco Engine Components Co., Ltd. (Formerly Federal-Mogul Dong Feng (Shiyan) Engine Components Co., Ltd.)",
1218,Shriram Pistons & Rings Ltd.,
1219,"Siam AT Industry Co., Ltd. (SATI)",Aisin
1220,"Siam Aisin Co., Ltd.",Aisin
1221,"Siam Calsonic Co., Ltd.",
1222,"Siam Daiso Industries Co., Ltd. (Formerly Yarnapund Daiso (Thailand) Co., Ltd.)",
1223,"Siam Kyosan Denso Co., Ltd.",Denso
1224,"Siam NPR Co., Ltd.",
1225,"Siam Toyota Manufacturing Co., Ltd.",Toyota
1226,"Sichuan Aerospace Shiyuan Technology Co., Ltd. (Formerly Sichuan Aerospace Shiyuan Automobile Parts Co., Ltd.)",
1227,"Sichuan Mianyang Huayuan Hangsheng Environmental Protection Technology Co., Ltd. (Formerly Sichuan Mianyang Huayuan Lixing Environmental Protection Technology Co., Ltd.)",
1228,"Sichuan Ningjiang Shanchuan Machinery Co., Ltd.",China South
1229,"Sichuan Science City Jiangtai Electronics Co., Ltd.",
1230,"Sichuan Sejong Auto Parts Co., Ltd.",Sejong
1231,"Sichuan Xinyuanrui Technology Co., Ltd. (Formerly Sichuan Mianyang Ruichen Automotive Parts Co., Ltd.)",
1232,Sika Corporation - Industry and Automotive,Sika
1233,"Sinocat Co., Ltd. (Formerly Sinocat Environmental Technology Co., Ltd.)",
1234,"SinterCast, Inc.",
1235,Skf Argentina S.A.,SKF
1236,Snop Automotive Cologne GmbH (Formerly Tower Automotive Holding GmbH),Snop
1237,"Snop Automotive Malacky, a.s. (Formerly Tower Automotive a.s. - Malacky)",Snop
1238,"Sogefi (Suzhou) Auto Parts Co., Ltd.",Sogefi
1239,Sogefi S.p.A.,Sogefi
1240,Sogefi Suspension Brasil Ltda.,Sogefi
1241,"Sohshin Co.,Ltd.",Hino
1242,"Somboon Advance Technology Public Co., Ltd.",Somboon
1243,"Somboon Somic Manufacturing Co., Ltd.",Somboon
1244,"Somic Automotive Components Co., Ltd.",Somic
1245,Somic Ishikawa Inc.,Somic
1246,"Somic Tianjin Automotive Components Co., Ltd.",Somic
1247,Sona BLW Precision Forgings Ltd. (Sona Comstar),
1248,Stabilus GmbH,
1249,Stackpole International,
1250,Stanadyne LLC,
1251,Standard-Metallwerke GmbH,
1252,Stant Corporation,
1253,Star Assembly SRL,
1254,Starters E-Components Generators Automotive Hungary Kft. (Formerly Robert Bosch Energy and Body Systems Kft.),SEGA
1255,Starters E-Components Generators Automotive Hungary Kft. - Szirmabeseny?,SEGA
1256,Subaru,Subaru
1257,Subaru - Oizumi Plant,Subaru
1258,"Sugimoto Metal Manufacturing Co., Ltd.",
1259,"Sumitomo Riko Co., Ltd. (Formerly, Tokai Rubber Industries)",
1260,Sundram Fasteners Limited - Pumps & Assemblies,
1261,"Sungwoo Hitech Co., Ltd.",
1262,"Sunitech (Anhui) Precise Manufacture Co., Ltd. (Formerly Anhui Ningguo Chenguang Auto Parts Co., Ltd.)",
1263,"Suzhou Ishikawa Iron Manufacturing Co., Ltd.",
1264,Suzuki,Suzuki
1265,"Suzuki Akita Auto Parts Mfg. Co., Ltd.",Suzuki
1266,"Suzuki Auto Parts Mfg. Co., Ltd.",Suzuki
1267,"Suzuki Auto Parts Toyama Mfg. Co., Ltd.",Suzuki
1268,"TABC, Inc.",
1269,"TBK Co., Ltd.",
1270,"TBKK (Thailand) Co., Ltd.",
1271,TFO Corporation,
1272,"THK Rhythm (Thailand) Co., Ltd.",THK
1273,"THK Rhythm Co., Ltd.",THK
1274,"THK Rhythm Guangzhou Co., Ltd.",THK
1275,THOMAS MAGNETE GMBH,
1276,"TI Automotive (Thailand) Co., Ltd.",TI
1277,TI Automotive Reynosa S. de R.L. de C.V.,TI
1278,TI Fluid Systems Plc. (Formerly TI Automotive Limited),TI
1279,TMD Friction Holdings GmbH,
1280,"TOA (USA), LLC",
1281,"TOYOTOMI Auto Parts (Thailand) Co., Ltd.",
1282,TRW Automotive Espana S.L.U.,TRW
1283,"TRW FAWER Automobile Safety Systems (Changchun) Co., Ltd. Chengdu Branch",TRW
1284,"TS Molymer Co., Ltd.",
1285,TSM Corporation,
1286,"Taicang Sejong Auto Parts Co., Ltd.",
1287,"Taiwan Atecx Auto Parts Co., Ltd. (Formerly ADVICS Taiwan Automotive Parts Co., Ltd.)",
1288,Taiwan Brake Technology Corporation,
1289,"Taizhou Gold Bridge Friction Material Co., Ltd.",
1290,"Takaoka Lioho (Guangzhou) Industries Co., Ltd.",
1291,"Takebe (Thailand) Co., Ltd.",
1292,"Takeda Chuzo Co., Ltd.",
1293,Takshi Auto Components Pvt. Ltd.,
1294,"Tangshan Aisin Gear Co., Ltd.",
1295,"Techno-Metal Co., Ltd.",
1296,Teijin Limited,
1297,"Tenneco (Beijing) Ride Control System Co., Ltd.",Tenneco
1298,"Tenneco (Changzhou) Ride Performance Co., Ltd.",Tenneco
1299,"Tenneco (Dalian) Exhaust System Co., Ltd.",Tenneco
1300,"Tenneco (Guangzhou) Co., Ltd.",Tenneco
1301,"Tenneco (Suzhou) Emission System Co., Ltd.",Tenneco
1302,Tenneco Automotive Eastern Europe Sp. z o.o.,Tenneco
1303,Tenneco Automotive Europe NV,Tenneco
1304,"Tenneco Automotive Iberica, S.A.",Tenneco
1305,Tenneco Automotive India Pvt. Ltd.,Tenneco
1306,Tenneco Automotive India Pvt. Ltd. - Bawal Plant,Tenneco
1307,Tenneco Automotive India Pvt. Ltd. - Chennai Plant,Tenneco
1308,Tenneco Automotive India Pvt. Ltd. - Pune Plant,Tenneco
1309,"Tenneco Automotive Industry (Suzhou) Co., Ltd.",Tenneco
1310,Tenneco Canada Inc.,Tenneco
1311,"Tenneco FAWSN (Foshan) Automobile Parts Co., Ltd.",Tenneco
1312,"Tenneco FAWSN (Tianjin) Automobile Parts Co., Ltd.",Tenneco
1313,"Tenneco Fusheng (Chengdu) Automobile Parts Co., Ltd.",Tenneco
1314,Tenneco GmbH,Tenneco
1315,Tenneco Inc.,Tenneco
1316,"Tenneco Lingchuan (Chongqing) Exhaust System Co., Ltd.",Tenneco
1317,Tenneco Walker UK Ltd.,Tenneco
1318,"Tenneco-Ebersp?cher (Dalian) Exhaust System Co., Ltd.",Tenneco
1319,Tesla,Tesla
1320,"Thai Engineering Products Co., Ltd. (TEP)",TEP
1321,"Thai Marujun Co., Ltd.",
1322,"Thai NOK Co., Ltd.",
1323,"Thai Rung Union Car Public Co., Ltd.",
1324,"Thai Summit Eastern Seaboard Auto Parts Industry Co., Ltd.",Thai Summit Group
1325,"Thai Summit Engineering Co., Ltd.",Thai Summit Group
1326,Thai Summit PK Corporation Ltd.,Thai Summit Group
1327,"Thai Summit PKK Bangpakong Co., Ltd.",Thai Summit Group
1328,"Thai Summit PKK Co., Ltd.",Thai Summit Group
1329,The Hi-Tech Gears Ltd.,
1330,The Narmco Group,
1331,"The Siam Nawaloha Foundry Co., Ltd. (SNF)",Aisin
1332,The Timken Company,
1333,"ThyssenKrupp Bilstein Shock Absorbers Auto Parts (Changzhou) Co., Ltd.",thyssenkrupp
1334,"Tianjin Aisin Automatic Transmission Co., Ltd.�]Formerly Tianjin AW Automatic Transmission Co., Ltd.�^",Aisin
1335,"Tianjin Beite Automotive Parts Co., Ltd.",
1336,Tianjin Catarc Auto Hi-Tech Company (CAH),CATARC
1337,"Tianjin Denso Electronics Co., Ltd.",Denso
1338,"Tianjin Denso Engine Electrical Products Co., Ltd.",Denso
1339,"Tianjin Futaba Shye Chan Mechanical Co., Ltd.",Futaba
1340,Tianjin Keylex Automotive Parts Corporation,
1341,"Tianjin Sango Automotive Parts Co., Ltd.",Sango
1342,"Tianjin Shuang Shye Mechanical Industrial Co., Ltd.",
1343,"Tianjin TRINOVA Auto Tech Co., Ltd.",Trinova
1344,"Tianjin Zhongxing Automotive Components Co., Ltd.",
1345,"Tianrun Industry Technology Co., Ltd.(Formerly Tianrun Crankshaft Co., Ltd.)",
1346,"Tokyo Roki (Thailand) Co., Ltd. - Amata plant",Tokyo Roki
1347,"Tokyo Roki (Thailand) Co., Ltd. - Gateway Plant",Tokyo Roki
1348,"Tokyo Roki Co., Ltd.",Tokyo Roki
1349,"Topre (Thailand) Co., Ltd.",Topre
1350,Topre Corporation,Topre
1351,"Toyo Advanced Technologies Co., Ltd.",
1352,"Toyoda Gosei Co., Ltd.",Toyoda
1353,"Toyoda Iron Works Co., Ltd.",Toyoda
1354,Toyota,Toyota
1355,Toyota - Shimoyama Plant,Toyota
1356,Toyota - Tahara Plant,Toyota
1357,Toyota Industries Corporation,Toyota
1358,Toyota Industries Engine India Pvt. Ltd.,Toyota
1359,"Toyota Industry (Kunshan) Co., Ltd.",Toyota
1360,Toyota Kirloskar Auto Parts Pvt. Ltd.,Toyota
1361,Toyota Motor East Japan Inc.,Toyota
1362,Toyota Motor East Japan Inc. - Miyagi Taiwa Plant (Formerly Toyota Mortor East Corporation),Toyota
1363,Toyota Motor Manufacturing Poland - Walbrzych Plant,Toyota
1364,Toyotetsu Otomotiv Par?alar? ve Ticaret A.?.,Toyotetsu Otomotiv
1365,"Toyotomi Kiko Co., Ltd.",
1366,Trelleborg AB,
1367,Tremec Corporation,
1368,"Trugo Automotive Technology (Jiangsu) Co., Ltd.",
1369,Tsubakimoto Chain Co.,Tsubakimoto
1370,Tsubakimoto Europe B.V.,Tsubakimoto
1371,"Tsuzuki Co.,Ltd.",
1372,Tupy S.A.,
1373,UACJ Corporation,UACJ
1374,UACJ Extrusion (Tianjin) Corporation,UACJ
1375,UCAL Products Pvt. Ltd.,
1376,UD Trucks,UD Trucks
1377,UD trucks,UD Trucks
1378,UFI Filters S.p.A.,
1379,UNIPRES Corporation,Unipres
1380,"Umicore Autocat (Suzhou) Co., Ltd.",Umicore
1381,Umicore N.V.,Umicore
1382,Unipres (UK) Ltd.,Unipres
1383,Unipres Mexicana S.A. de C.V.,Unipres
1384,"United Automotive Electronic Systems Co., Ltd.",
1385,Univance Corporation,
1386,"Usui Co., Ltd.",Usui
1387,Usui International Corporation (Thailand) Ltd.,Usui
1388,Utsuno Corporation,
1389,Uz-DongWon Co.,
1390,Valeo Automotiv Sistemleri Endustrisi A.S.,Valeo
1391,Valeo Electric and Electronic Systems Sp.z o.o.,Valeo
1392,Valeo Electrical Systems Korea,Valeo
1393,Valeo Group,Valeo
1394,Valeo Group (China),Valeo
1395,"Valeo India private Limited - Chennai (Formerly (Valeo Engineering Center(India), Lighting Systems, Wiper Systems, Pvt. Ltd)",Valeo
1396,"Valeo Japan Co., Ltd.",Valeo
1397,Valeo Kapec Japan K.K.,Valeo
1398,Valeo Kapec S.A. de C.V. (Valeo Mexico San Luis Potosi 4),Valeo
1399,Valeo North America,Valeo
1400,Valeo Powertrain Electrification Systems (Formerly Valeo Minda Engine Cooling India Pvt. Ltd.),Valeo
1401,"Valeo Pyeong Hwa Co., Ltd.",Valeo
1402,Valeo Sistemas Electricos S.A. de C.V (Valeo Mexico San Luis Potosi 3),Valeo
1403,Valeo eAutomotive Germany GmbH (Formerly Valeo Siemens eAutomotive Germany GmbH),Valeo
1404,VeeGee Industrial Enterprises Pvt. Ltd.,
1405,"Veoneer (China) Co., Ltd. (Formerly Autoliv (China) Electronics Co., Ltd.)",
1406,"Vibracoustic (Wuxi) Vibration Isolators Co., Ltd. (Formerly Wuxi Trelleborg Vibration Isolator Co., Ltd.)",Vibracoustic
1407,Vibracoustic CV Air Springs GmbH,Vibracoustic
1408,Vibracoustic CV Air Springs Magyarorszag Kft.,Vibracoustic
1409,Vibracoustic India Pvt. Ltd. (Formerly Trelleborg Vibracoustic India Pvt. Ltd.),Vibracoustic
1410,Vibracoustic SE,Vibracoustic
1411,Vibracoustic de Mexico S.A. de C.V. - Lerma,Vibracoustic
1412,Visteon Corporation,Visteon
1413,"Visteon Japan, Ltd.",Visteon
1414,"Visu Autotech (Ningbo) Co., Ltd.",
1415,"Vitesco Automotive (Changchun) Co., Ltd. (Formerly CPT Automotive Changchun Co., Ltd.)",Vitesco
1416,"Vitesco Automotive (Wuhu) Co.,Ltd.(Formerly Continental Automotive Wuhu Co., Ltd.)",Vitesco
1417,"Vitesco Technologies (Thailand) Co., Ltd. (Formerly Continental Automotive (Thailand) Co., Ltd. - Amata City Plant)",Vitesco
1418,Vitesco Technologies Romania S.R.L. - Ghimbav,Vitesco
1419,Voith GmbH & Co. KGaA,
1420,Volkswagen,Volkswagen
1421,Volkswagen Argentina S.A. - Planta Cordoba,Volkswagen
1422,"Volkswagen FAW Platform Co., Ltd. Chengdu Branch",Volkswagen
1423,"Volkswagen Transmission (Shanghai) Co., Ltd.",Volkswagen
1424,Vollmann (Sachsen) GmbH & Co. KG - Welzow,
1425,"Volvo Group Trucks Operations, Powertrain, K?ping Plant",Volvo
1426,WABCO Group International Inc.,
1427,Walor North America Inc. (Formerly Hirschvogel Inc.),
1428,"Wanxiang Precision Industry Jiangsu Co., Ltd.",
1429,Weber GmbH & Co. KG,
1430,"Wendeng Dong Yang Piston Co., Ltd.",
1431,"Wenzhou Ruili Kormee Automotive Electronic Co., Ltd.�]Formerly Ruian Kormee Automobile Braking Co., Ltd.�^",Ruili
1432,"Wenzhou Ruiming Industrial Co., Ltd.",
1433,Wescast (USA) Inc.,Wescast
1434,Wescast Hungary Autoipari Zrt.,Wescast
1435,Wescast Industries Inc.,Wescast
1436,Wescast Industries Inc. - Stratford,Wescast
1437,Winkelmann Powertrain Components GmbH & Co. KG,
1438,Woco Industrietechnik GmbH,
1439,"Wooshin Industrial Co., Ltd.",
1440,"Woosu AMS Co., Ltd.  (Formerly Woosu Automotive Co., Ltd.)",
1441,"Wuhan Hesheng Automotive Parts Co., Ltd.",
1442,"Wuhan Jin Feng Auto Parts Co., Ltd.",
1443,"Wuhan Tenneco Exhaust System Co., Ltd.",
1444,"Wuhan Youfin Auto Electronic Control System Co., Ltd.",Youfin
1445,"Wuhan Youfin Auto Parts Co., Ltd.",Youfin
1446,"Wuhu Bethel Electronic Control System Co., Ltd.",
1447,"Wuhu Generator Automotive Electrical Systems Co., Ltd.",
1448,"Wuhu Hefeng Clutch Co., Ltd.",
1449,"Wuhu Zhongli Parts Co., Ltd.",
1450,"Wuxi Denso Automotive Products Co., Ltd.",Denso
1451,"Wuxi Honghu Muffler Co., Ltd.",
1452,"Wuxi Huishan Pump Manufacture Co., Ltd.",
1453,"Wuxi MOBIS Automotive Parts Co., Ltd. (MWX)",
1454,"Wuxi Weifu Environmental Catalysts Co., Ltd.",
1455,"Wuxi Weifu Leader Catalytic Converter Co., Ltd.",
1456,"Wuxi Zhongce Shock Absorber Co., Ltd.",
1457,"Xiamen Kaifa Shock Absorber Industry Co., Ltd.",
1458,"Xiangyang SANGO Automotive Parts Co., Ltd.",Sango
1459,"Xixia Feilong Special Casting Co., Ltd. (Formerly Xixia Xibeng Special Casting Co., Ltd.)",Xixia
1460,"Xixia Intake & Exhaust Manifold Co., Ltd.",Xixia
1461,Xtrac Ltd,
1462,"Y-TEC Co., Ltd.",Y TEC
1463,Y-TEC Corporation,Y TEC
1464,"Y-TEC KEYLEX Mexico, S.A. de C.V.",Y TEC
1465,"YS Tech (Thailand) Co., Ltd.",
1466,YSK Corporation,
1467,"YUASA Co., LTD.",
1468,"Yamada Manufacturing Co., Ltd.",Yamada
1469,"Yamada Somboon Co., Ltd.",Yamada
1470,"Yanagawa Seiki Co., Ltd.",Yanagawa
1471,"Yanagawa Techno Forge (Thailand) Co., Ltd.",Yanagawa
1472,"Yancheng Sejong Auto Parts Co., Ltd.",Sejong
1473,"Yantai Huizhong Automotive Chassis Systems Co., Ltd.",
1474,"Yantai Ishikawa Sealing Technology Co.,Ltd.(Formerly Yantai Ishikawa Gasket Co., Ltd.)",
1475,"Yizheng Engley Auto Parts Manufacturing Co., Ltd.",
1476,"Yorozu Automotive Tennessee, Inc.",Yorozu
1477,"Yorozu JBM Automotive Tamil Nadu Pvt., Ltd.",Yorozu
1478,"Yoshiwa Kogyo Co., Ltd.",
1479,"Youngshin Automotive India PVT., Ltd.",
1480,"Yuhuan Dahong Auto Steering Pump Parts Co., Ltd.",
1481,"Yuhuan Jiaheng Machinery Co., Ltd.",
1482,"Yuhuan Zhonghang Mechanism Co., Ltd.",
1483,"Yungjin Co., Ltd.",
1484,Yutaka Autoparts India Pvt. Ltd.,Yutaka
1485,"Yutaka Giken Co., Ltd.",Yutaka
1486,"Yutaka Giken Co., Ltd. - Ranzan Plant",Yutaka
1487,Yutaka Technologies de Mexico S.A. de C.V.,Yutaka
1488,Yuyao Gongchuang Brake Components Factory,
1489,ZF Active Safety And Electronics US LLC (Formerly TRW Automotive),ZF
1490,ZF Active Safety GmbH,ZF
1491,ZF Active Safety US Inc. - Fowlerville Plant,ZF
1492,ZF Automotive Canada Limited - St. Tillsonburg (Formerly TRW Canada Limited - St. Tillsonburg),ZF
1493,ZF Automotive Czech s.r.o. (Formerly TRW Automotive Czech s.r.o.),ZF
1494,"ZF Automotive Systems (Shanghai) Co., Ltd. (Formerly TRW Automotive Components (Shanghai) Co., Ltd.)",ZF
1495,"ZF Automotive Systems (Shanghai) Co., Ltd. - Wuhan Branch (Formerly TRW Automotive Components (Shanghai) Co., Ltd. Wuhan Branch)",ZF
1496,"ZF Automotive Technologies (Zhangjiagang) Co., Ltd. (Formerly TRW Automotive Safety Technology (Zhangjiagang) Co., Ltd.)",ZF
1497,"ZF Automotive Technologies�]Shanghai) Co., Ltd. (Formerly TRW Automotive Technology (Shanghai) Co., Ltd.)",ZF
1498,ZF Automotive UK Limited - Pontypool (Formerly TRW Limited - Pontypool),ZF
1499,ZF Boutheon S. A.,ZF
1500,ZF CV Systems Global GmbH (Formerly WABCO Global GmbH),ZF
1501,"ZF Chassistech Commercial Vehicles (Shanghai) Co., Ltd.",ZF
1502,"ZF Electrified Powertrain Technologies (Hangzhou) Co., Ltd. (Formerly ZF Drivetech (Hangzhou) Co., Ltd.)",ZF
1503,ZF Friedrichshafen AG,ZF
1504,"ZF Gainesville, LLC (Formerly ZF Industries, Inc.)",ZF
1505,ZF Group (China),ZF
1506,ZF India Pvt. Ltd.,ZF
1507,ZF Italia S.r.l.,ZF
1508,"ZF Japan Co., Ltd.",ZF
1509,"ZF Lemforder Automotive Systems (Shenyang) Co., Ltd.",ZF
1510,ZF North America Inc.,ZF
1511,"ZF Powertrain System (Beijing) Co., Ltd.",ZF
1512,ZF Sachs Espana S.A.,ZF
1513,"ZF Sachs Korea Co., Ltd.",ZF
1514,ZF Sachs Suspansiyon Sistemleri Sanayi ve Ticaret A.S,ZF
1515,ZF Services South Africa (Pty) Ltd.,ZF
1516,ZF Slovakia as - ?ahy,ZF
1517,"ZF Suspension Technology Guadalajara, S.A. de C.V.",ZF
1518,"ZF Transmissions Gray Court, LLC",ZF
1519,"ZF Transmissions Shanghai Co., Ltd.",ZF
1520,ZF do Brasil Ltda. - Piraporinha,ZF
1521,Zen S.A.,
1522,"Zf Automotive Components & Systems (Shanghai) Co., Ltd. (Formerly Sachs Automotive Components & Systems Shanghai Co., Ltd.)",ZF
1523,"Zhangjiakou Mingxiang Auto Parts Co., Ltd.",
1524,"Zhanjiang DENI Vehicle Parts Co., Ltd.",
1525,"Zhaoqing Honda Foundry Co., Ltd.",
1526,"Zhejiang Aisin-Hongda Automobile Parts Co., Ltd.",
1527,"Zhejiang Asia-Pacific Mechanical & Electronic Co., Ltd.",
1528,"Zhejiang Bondlye Environmental Technology Co., Ltd.",
1529,"Zhejiang Dafeng Automobile Technology Co., Ltd.",
1530,"Zhejiang Double Gold Stable Rod Manufacturing Co., Ltd.",
1531,"Zhejiang Geely Passenger Vehicle Co., Ltd. (Formerly Zhejiang Fulin Guorun Automotive Parts Co., Ltd.)",
1532,"Zhejiang Meili High Technology Co., Ltd.",
1533,"Zhejiang Motorbacs Technology Co., Ltd. (Formerly Zhejiang Motorbacs Autoparts Co., Ltd.)",
1534,"Zhejiang Qibo Machinery Co., Ltd.",
1535,Zhejiang Roadtamer Auto Parts Inc.,
1536,"Zhejiang Sanhua Automotive Components Co., Ltd.",
1537,"Zhejiang Shuangli Automobile Intelligent Technology Co., Ltd.",
1538,"Zhejiang Tion Vanly Tech. Co., Ltd. (Formerly Zhejiang Taihong Machinery & Electronics Co., Ltd.)",
1539,"Zhejiang Vie Science & Technology Co., Ltd.",
1540,"Zhejiang Wan 'an Zhiyu Automobile Control System Co., Ltd.(Formerly Zhejiang Zhuji Wanbao Machinery Co., Ltd.)",
1541,"Zhejiang Wanxiang Marelli Absorber Co., Ltd.",
1542,"Zhejiang Wanxiang Precision Industry Co., Ltd. (Formerly Zhejiang Wanxiang Automobile Bearing Co., Ltd.)",
1543,"Zhejiang Xuanfu Automatic Transmission Co., Ltd.",
1544,"Zhejiang Zhixuanxing Automotive Components Co., Ltd.",
1545,"Zhejiang Zhiyou Automobile Technology Co., Ltd.",
1546,"Zhejiang Zomax Transmission Co., Ltd.",
1547,"Zhengtiang Automobile Brake Manufacturing Co., Ltd.",
1548,Zhengzhou Nissan,
1549,"Zhuhai Glory Friction Material Co., Ltd.",
1550,"Ziyang Yuexing Automotive Parts Manufacturing Co., Ltd.",
1551,ebm-papst Mulfingen GmbH & Co. KG,
1552,iwis mobility systems GmbH & Co. KG (Formerly iwis motorsysteme GmbH & Co. KG),
1553,s. n. o. p. cz a.s. - P?sek,
1554,thyssenKrupp Automotive Systemes France S.A.R.L.,thyssenkrupp
1555,"thyssenKrupp Engine Components (China) Co., Ltd.",thyssenkrupp
1556,"thyssenKrupp Presta (Shanghai) Co., Ltd.",thyssenkrupp
1557,"thyssenKrupp Presta Dalian Co., Ltd.",thyssenkrupp
1558,thyssenkrupp AG (Formerly ThyssenKrupp AG),thyssenKrupp
1559,thyssenkrupp Automotive Systems GmbH,thyssenkrupp
1560,"thyssenkrupp Automotive Systems of America, LLC",thyssenkrupp
1561,thyssenkrupp Bilstein GmbH,thyssenkrupp
1562,thyssenkrupp Bilstein S.A.,thyssenkrupp
1563,thyssenkrupp Bilstein of America Inc.,thyssenkrupp
1564,"thyssenkrupp Components Technology de M?xico, S.A. de C.V.",thyssenkrupp
1565,thyssenkrupp Components Technology de Mexico S.A. de C.V. - SLP,thyssenkrupp
1566,thyssenkrupp Crankshaft Co. LLC,thyssenkrupp
1567,"thyssenkrupp Dynamic Components Changzhou Ltd. (Formerly thyssenKrupp Engine Systems (Changzhou) Co., Ltd.)",thyssenkrupp
1568,thyssenkrupp Gerlach GmbH,thyssenkrupp
1569,thyssenkrupp Materials Austria GmbH,thyssenkrupp
1570,thyssenkrupp Materials Services GmbH,thyssenkrupp
1571,thyssenkrupp Presta AG,thyssenkrupp
1572,"thyssenkrupp Presta Danville, LLC",thyssenkrupp
1573,"thyssenkrupp Presta Huizhong Shanghai Co., Ltd.",thyssenKrupp
1574,thyssenkrupp Presta Ilsenburg GmbH,thyssenkrupp
1575,"thyssenkrupp Springs and Stabilizers (Pinghu) Co., Ltd.",thyssenkrupp
1576,voestalpine AG,